Workbook

Sheet Major-1 (NARS)
A2: LEVEL | B2: SEMESTER | C2: Code | D2: Title | E2: Lec | F2: Tut | G2: Lab | H2: Prerequisites | I2: Com. Uni. | J2: Elec. Univ. | K2: Com. College | L2: Com. Discipline | M2: Major Req. | N2: Elec Major | O2: Hum. & Social Sci. | P2: Math & Basic Sci. | Q2: Basic Eng. Sci. | R2: Computer App. | S2: Applied Eng. Sci. | T2: Project & PT | U2: Discretional
A3: 1 | B3: 1 | C3: EGL 111 | D3: English I | H3: TOFEL>500 | I3: 0 | O3: 0
A4: 1 | B4: 2 | C4: EGL 112 | D4: English II | H4: EGL111 | I4: 0 | O4: 0
A5: 2 | B5: 3 | C5: EGL 213 | D5: Writing Skills | E5: 3 | F5: 0 | G5: 0 | H5: EGL112 | I5: 3 | O5: 3
A6: 2 | B6: 4 | C6: EGL 214 | D6: Communication and Presentation Skills | E6: 3 | F6: 0 | G6: 0 | H6: EGL112 | I6: 3 | O6: 3
A7: 1 | B7: 1 | C7: CSC 111 | D7: Computer and Information Skills | E7: 1 | F7: 2 | G7: 2 | I7: 3 | R7: 3
A8: 1 | B8: 2 | C8: HUM E1 | D8: Humanities and Social Sciences Electives | E8: 3 | F8: 0 | G8: 0 | J8: 3 | O8: 3
A9: 1 | B9: 2 | C9: ECE 151 | D9: Introduction to Programming | E9: 2 | F9: 0 | G9: 2 | K9: 3 | R9: 3
A10: 1 | B10: 1 | C10: INT E1 | D10: Engineering History Electives | E10: 2 | F10: 2 | G10: 0 | J10: 3 | O10: 3
A11: 1 | B11: 8 | C11: EBS 111 | D11: Selected Topics in Entrepreneurship | E11: 2 | F11: 2 | G11: 0 | K11: 3 | O11: 3
A12: 4 | B12: 8 | C12: INT E2 | D12: Sustainable Development Electives | E12: 2 | F12: 2 | G12: 0 | J12: 3 | S12: 3
A13: 1 | B13: 1 | C13: MTH 111 | D13: Analytical Geometry and Calculus I | E13: 2 | F13: 2 | G13: 0 | K13: 3 | P13: 3
A14: 1 | B14: 2 | C14: MTH 113 | D14: Probability & Statistics for Engineers | E14: 2 | F14: 2 | G14: 0 | K14: 3 | P14: 3
A15: 2 | B15: 3 | C15: MTH 214 | D15: Linear Algebra & Introduction to Machine Learning | E15: 2 | F15: 2 | G15: 0 | K15: 3 | P15: 3
A16: 1 | B16: 1 | C16: MEC 111 | D16: Engineering Mechanics I | E16: 2 | F16: 2 | G16: 0 | K16: 3 | P16: 3
A17: 1 | B17: 1 | C17: INT 121 | D17: Engineering Drawing | E17: 2 | F17: 0 | G17: 2 | K17: 3 | Q17: 3
A18: 1 | B18: 1 | C18: PHY 111 | D18: Physics I | E18: 2 | F18: 2 | G18: 1 | K18: 3 | P18: 3
A19: 2 | B19: 2 | C19: CVL 211 | D19: Structural Analysis-1 | E19: 2 | F19: 2 | G19: 0 | H19: MEC111 | L19: 3 | Q19: 3
A20: 2 | B20: 3 | C20: CVL 212 | D20: Structural Analysis-2 | E20: 2 | F20: 2 | G20: 0 | H20: CVL211 | L20: 3 | Q20: 3
A21: 2 | B21: 3 | C21: CVL 221 | D21: Engineering Materials-1 | E21: 2 | F21: 1 | G21: 1 | L21: 3 | Q21: 3
A22: 2 | B22: 4 | C22: CVL 231 | D22: Construction Project Management | E22: 2 | F22: 2 | G22: 0 | L22: 3 | Q22: 3
A23: 2 | B23: 3 | C23: CVL 281 | D23: Introduction to Surveying | E23: 1 | F23: 2 | G23: 2 | L23: 3 | Q23: 3
A24: 2 | B24: 3 | C24: CVL 282 | D24: Civil Engineering Drafting | E24: 1 | F24: 2 | G24: 2 | H24: MEC121 | L24: 3 | Q24: 3
A25: 3 | B25: 4 | C25: CVL 311 | D25: Reinforced Concrete Design-1 | E25: 2 | F25: 2 | G25: 0 | H25: CVL211 | L25: 3 | R25: 3
A26: 3 | B26: 5 | C26: CVL 312 | D26: Soil Mechanics | E26: 2 | F26: 1 | G26: 1 | H26: CVL221 | L26: 3 | S26: 3
A27: 3 | B27: 5 | C27: CVL 314 | D27: Reinforced Concrete Design-2 | E27: 2 | F27: 2 | G27: 0 | H27: CVL311 | L27: 3 | S27: 3
A28: 3 | B28: 6 | C28: CVL 315 | D28: Structural Steel Design | E28: 2 | F28: 2 | G28: 0 | H28: CVL212 | L28: 3 | S28: 3
A29: 3 | B29: 4 | C29: CVL 321 | D29: Engineering Materials-2 | E29: 2 | F29: 1 | G29: 1 | H29: CVL221 | L29: 3 | Q29: 3
A30: 3 | B30: 4 | C30: CVL 331 | D30: Construction Engineering and Methods | E30: 2 | F30: 2 | G30: 0 | L30: 3 | Q30: 3
A31: 3 | B31: 5 | C31: CVL 341 | D31: Fluid Mechanics | E31: 2 | F31: 1 | G31: 1 | H31: MTH215 | L31: 3 | Q31: 3
A32: 3 | B32: 4 | C32: CVL 391 | D32: Practical Training -1 | L32: 0 | T32: 0
A33: 3 | B33: 6 | C33: CVL 392 | D33: Practical Training -2 | H33: CVL391 (CO) | L33: 0 | T33: 0
A34: 4 | B34: 6 | C34: CVL 411 | D34: Design and Construction of Foundations | E34: 2 | F34: 2 | G34: 0 | H34: CVL312 | L34: 3 | S34: 3
A35: 4 | B35: 6 | C35: CVL 441 | D35: Fundamentals of Hydraulic Engineering | E35: 2 | F35: 1 | G35: 1 | H35: CVL341 | L35: 3 | Q35: 3
A36: 4 | B36: 6 | C36: CVL 451 | D36: Introduction to Transportation and Highway Engineering | E36: 2 | F36: 1 | G36: 1 | L36: 3 | Q36: 3
A37: 4 | B37: 7 | C37: CVL 493 | D37: Graduation Project I | E37: 1 | F37: 0 | G37: 4 | L37: 3 | T37: 3
A38: 4 | B38: 8 | C38: CVL 494 | D38: Graduation Project II | E38: 1 | F38: 0 | G38: 4 | H38: CVL493 (CO) | L38: 3 | T38: 3
A39: 1 | B39: 2 | C39: CHM 111 | D39: Chemistry | E39: 2 | F39: 1 | G39: 1 | L39: 3 | P39: 3
A40: 1 | B40: 2 | C40: MTH 112 | D40: Calculus II | E40: 2 | F40: 2 | G40: 0 | H40: MTH111 (CO) | L40: 3 | P40: 3
A41: 2 | B41: 4 | C41: MTH 215 | D41: Differential Equations | E41: 2 | F41: 2 | G41: 0 | H41: MTH112 | L41: 3 | P41: 3
A42: 2 | B42: 7 | C42: MTH 216 | D42: Numerical Methods | E42: 2 | F42: 2 | G42: 0 | H42: MTH214 & MTH215 | L42: 3 | P42: 3
A43: 3 | B43: 5 | C43: CVL 332 | D43: Quantity Surveying, Estimation and Specifications | E43: 2 | F43: 2 | G43: 0 | H43: CVL231 | M43: 3 | S43: 3
A44: 3 | B44: 5 | C44: CVL 333 | D44: Civil Engineering Economics | E44: 2 | F44: 2 | G44: 0 | M44: 3 | Q44: 3
A45: 3 | B45: 6 | C45: CVL 334 | D45: Construction Planning and Scheduling | E45: 2 | F45: 1 | G45: 1 | M45: 3 | S45: 3
A46: 4 | B46: 5 | C46: CVL 431 | D46: Value and Risk Management in Construction | E46: 2 | F46: 2 | G46: 0 | H46: CVL331 | M46: 3 | S46: 3
A47: 4 | B47: 6 | C47: CVL 432 | D47: Contracts and Commercial Management | E47: 2 | F47: 2 | G47: 0 | M47: 3 | S47: 3
A48: 4 | B48: 7 | C48: CVL 433 | D48: Infrastructure Asset Management | E48: 2 | F48: 2 | G48: 0 | H48: CVL431 | M48: 3 | S48: 3
A49: 4 | B49: 7 | C49: CVL 434 | D49: Strategic Management in Construction | E49: 2 | F49: 2 | G49: 0 | H49: CVL432 | M49: 3 | S49: 3
A50: 4 | B50: 7 | C50: MTH E | D50: Major Math Elective | E50: 2 | F50: 2 | G50: 0 | N50: 3 | P50: 3
A51: 4 | B51: 7 | C51: CVL E1 | D51: Major Elective (1) | E51: 2 | F51: 1 | G51: 1 | N51: 3 | S51: 3
A52: 4 | B52: 8 | C52: CVL E2 | D52: Major Elective (2) | E52: 2 | F52: 1 | G52: 1 | N52: 3 | S52: 3
A53: 4 | B53: 8 | C53: CVL E3 | D53: Major Elective (3) | E53: 2 | F53: 1 | G53: 1 | N53: 3 | S53: 3
A54: 4 | B54: 8 | C54: CVL E4 | D54: Major Elective (4) | E54: 2 | F54: 1 | G54: 1 | N54: 3 | S54: 3
I55: =SUM(I3:I54) -> 9 | J55: =SUM(J3:J54) -> 9 | K55: =SUM(K3:K54) -> 24 | L55: =SUM(L3:L54) -> 66 | M55: =SUM(M3:M54) -> 21 | N55: =SUM(N3:N54) -> 15 | O55: =SUM(O3:O54) -> 15 | P55: =SUM(P3:P54) -> 30 | ... U55: =SUM(U3:U54) -> 0
I56: =I55/144 -> 0.0625 | J56: =J55/144 -> 0.0625 | K56: =K55/144 -> 0.16666667 | L56: =L55/144 -> 0.45833333 | M56: =M55/144 -> 0.14583333 | N56: =N55/144 -> 0.10416667 | O56: =O55/144 -> 0.10416667 | P56: =P55/144 -> 0.20833333 | ... U56: =U55/144 -> 0
I58: =SUM(I56:N56) -> 1 | O58: =SUM(O56:U56) -> 1
I59: =SUM(I55:N55) -> 144 | O59: =SUM(O55:U55) -> 144

Sheet Major-1 (Competencies)
A1: Color Coding
A2: University Requirements
A3: Faculty of Engineering Requirements | E3: Lec | F3: Tut | G3: Lab | H3: CH | I3: ECTS | J3: SWL | N3: U1 | O3: U2 | P3: U3 | Q3: U4 | R3: U5 | S3: U6 | T3: A1 | U3: A2 | V3: A3 | W3: A4 | X3: A5 | Y3: A6 | Z3: A7 | AA3: A8 | AB3: A9 | AC3: A 10 | AD3: B1 | AE3: B2 | AF3: B3 | AG3: B4 | AH3: C1 | AI3: C2 | AJ3: C3 | AK3: C4 | AL3: C5
A4: Basic Sciences Requirements | C4: EGL 111 | D4: English I | H4: 0 | I4: 0 | L4: CVL 211 | M4: Structural Analysis-1 | T4: X | AD4: X | AE4: X | AM4: =COUNTIF(N4:AL4,"*X*") -> 3
A5: Program Requirements | C5: EGL 112 | D5: English II | H5: 0 | I5: 0 | L5: CVL 212 | M5: Structural Analysis-2 | T5: X | AD5: X | AE5: X | AM5: =COUNTIF(N5:AL5,"*X*") -> 3
A6: Major Requirements (Specialization) | C6: EGL 213 | D6: Writing Skills | E6: 3 | F6: 0 | G6: 0 | H6: 3 | I6: 5 | J6: 125 | L6: CVL 221 | M6: Engineering Materials-1 | U6: X | AD6: X | AF6: X | AM6: =COUNTIF(N6:AL6,"*X*") -> 3
A7: Major Electives | C7: EGL 214 | D7: Communication and Presentation Skills | E7: 3 | F7: 0 | G7: 0 | H7: 3 | I7: 5 | J7: 125 | L7: CVL 231 | M7: Construction Project Management | W7: X | AF7: X | AG7: X | AM7: =COUNTIF(N7:AL7,"*X*") -> 3
C8: CSC 111 | D8: Computer and Information Skills | E8: 1 | F8: 2 | G8: 2 | H8: 3 | I8: 5 | J8: 125 | L8: CVL 281 | M8: Introduction to Surveying | Y8: X | Z8: X | AD8: X | AM8: =COUNTIF(N8:AL8,"*X*") -> 3
C9: HUM E1 | D9: Humanities and Social Sciences Electives | E9: 3 | F9: 0 | G9: 0 | H9: 3 | I9: 5 | J9: 125 | L9: CVL 282 | M9: Civil Engineering Drafting | Y9: X | AA9: X | AD9: X | AM9: =COUNTIF(N9:AL9,"*X*") -> 3
D10: =COUNTA(D4:D9) -> 6 | E10: =SUM(E4:E9) -> 10 | F10: =SUM(F4:F9) -> 2 | G10: =SUM(G4:G9) -> 2 | H10: =SUM(H4:H9) -> 12 | I10: =SUM(I4:I9) -> 20 | J10: =SUM(J4:J9) -> 500 | L10: CVL 311 | M10: Reinforced Concrete Design-1 | V10: X | W10: X | AE10: X | AM10: =COUNTIF(N10:AL10,"*X*") -> 3
C11: MTH 111 | D11: Analytical Geometry and Calculus I | E11: 2 | F11: 2 | G11: 0 | H11: 3 | I11: 5 | J11: 125 | L11: CVL 312 | M11: Soil Mechanics | U11: X | AD11: X | AE11: X | AM11: =COUNTIF(N11:AL11,"*X*") -> 3
C12: MTH 113 | D12: Probability & Statistics for Engineers | E12: 2 | F12: 2 | G12: 0 | H12: 3 | I12: 5 | J12: 125 | L12: CVL 314 | M12: Reinforced Concrete Design-2 | V12: X | W12: X | AE12: X | AM12: =COUNTIF(N12:AL12,"*X*") -> 3
C13: MTH 214 | D13: Linear Algebra & Introduction to Machine Learning | E13: 2 | F13: 2 | G13: 0 | H13: 3 | I13: 5 | J13: 125 | L13: CVL 315 | M13: Structural Steel Design | V13: X | W13: X | AE13: X | AM13: =COUNTIF(N13:AL13,"*X*") -> 3
C14: MEC 111 | D14: Engineering Mechanics I | E14: 2 | F14: 2 | G14: 0 | H14: 3 | I14: 5 | J14: 125 | L14: CVL 321 | M14: Engineering Materials-2 | U14: X | AD14: X | AF14: X | AM14: =COUNTIF(N14:AL14,"*X*") -> 3
C15: INT 121 | D15: Engineering Drawing | E15: 2 | F15: 0 | G15: 2 | H15: 3 | I15: 5 | J15: 125 | L15: CVL 331 | M15: Construction Engineering and Methods | V15: X | AD15: X | AF15: X | AM15: =COUNTIF(N15:AL15,"*X*") -> 3
C16: PHY 111 | D16: Physics I | E16: 2 | F16: 2 | G16: 1 | H16: 3 | I16: 5 | J16: 125 | L16: CVL 341 | M16: Fluid Mechanics | T16: X | AD16: X | AE16: X | AM16: =COUNTIF(N16:AL16,"*X*") -> 3
C17: ECE 151 | D17: Introduction to Programming | E17: 2 | F17: 0 | G17: 2 | H17: 3 | I17: 5 | J17: 125 | L17: CVL 391 | M17: Practical Training -1 | Y17: X | Z17: X | AF17: X | AM17: =COUNTIF(N17:AL17,"*X*") -> 3
C18: INT E1 | D18: Engineering History Electives | E18: 2 | F18: 2 | G18: 0 | H18: 3 | I18: 5 | J18: 125 | L18: CVL 392 | M18: Practical Training -2 | Y18: X | Z18: X | AF18: X | AM18: =COUNTIF(N18:AL18,"*X*") -> 3
C19: INT E2 | D19: Sustainable Development Electives | E19: 2 | F19: 2 | G19: 0 | H19: 3 | I19: 5 | J19: 125 | L19: CVL 411 | M19: Design and Construction of Foundations | V19: X | W19: X | AE19: X | AM19: =COUNTIF(N19:AL19,"*X*") -> 3
C20: EBS 111 | D20: Selected Topics in Entrepreneurship | E20: 2 | F20: 2 | G20: 0 | H20: 3 | I20: 5 | J20: 125 | L20: CVL 441 | M20: Fundamentals of Hydraulic Engineering | U20: X | AD20: X | AE20: X | AM20: =COUNTIF(N20:AL20,"*X*") -> 3
D21: =COUNTA(D11:D20) -> 10 | E21: =SUM(E11:E20) -> 20 | F21: =SUM(F11:F20) -> 16 | G21: =SUM(G11:G20) -> 5 | H21: =SUM(H11:H20) -> 30 | I21: =SUM(I11:I20) -> 50 | J21: =SUM(J11:J20) -> 1250 | L21: CVL 451 | M21: Introduction to Transportation and Highway Engineering | V21: X | AE21: X | AF21: X | AM21: =COUNTIF(N21:AL21,"*X*") -> 3
C22: CVL 211 | D22: Structural Analysis-1 | E22: 2 | F22: 2 | G22: 0 | H22: 3 | I22: 5 | J22: 125 | L22: CVL 493 | M22: Graduation Project I | X22: X | AA22: X | AC22: X | AE22: X | AM22: =COUNTIF(N22:AL22,"*X*") -> 4
C23: CVL 212 | D23: Structural Analysis-2 | E23: 2 | F23: 2 | G23: 0 | H23: 3 | I23: 5 | J23: 125 | L23: CVL 494 | M23: Graduation Project II | AA23: X | AB23: X | AC23: X | AE23: X | AM23: =COUNTIF(N23:AL23,"*X*") -> 4
C24: CVL 221 | D24: Engineering Materials-1 | E24: 2 | F24: 1 | G24: 1 | H24: 3 | I24: 5 | J24: 125 | L24: CHM 111 | M24: Chemistry | T24: X | U24: X | W24: X | AM24: =COUNTIF(N24:AL24,"*X*") -> 3
C25: CVL 231 | D25: Construction Project Management | E25: 2 | F25: 2 | G25: 0 | H25: 3 | I25: 5 | J25: 125 | L25: MTH 112 | M25: Calculus II | T25: X | U25: X | X25: X | AM25: =COUNTIF(N25:AL25,"*X*") -> 3
C26: CVL 281 | D26: Introduction to Surveying | E26: 1 | F26: 2 | G26: 2 | H26: 3 | I26: 5 | J26: 125 | L26: MTH 215 | M26: Differential Equations | T26: X | U26: X | X26: X | AM26: =COUNTIF(N26:AL26,"*X*") -> 3
C27: CVL 282 | D27: Civil Engineering Drafting | E27: 1 | F27: 2 | G27: 2 | H27: 3 | I27: 5 | J27: 125 | L27: MTH 216 | M27: Numerical Methods | U27: X | V27: X | AM27: =COUNTIF(N27:AL27,"*X*") -> 2
C28: CVL 311 | D28: Reinforced Concrete Design-1 | E28: 2 | F28: 2 | G28: 0 | H28: 3 | I28: 5 | J28: 125 | L28: CVL 332 | M28: Quantity Surveying, Estimation and Specifications | AF28: X | AG28: X | AJ28: X | AM28: =COUNTIF(N28:AL28,"*X*") -> 3
C29: CVL 312 | D29: Soil Mechanics | E29: 2 | F29: 1 | G29: 1 | H29: 3 | I29: 5 | J29: 125 | L29: CVL 333 | M29: Civil Engineering Economics | AG29: X | AJ29: X | AM29: =COUNTIF(N29:AL29,"*X*") -> 2
C30: CVL 314 | D30: Reinforced Concrete Design-2 | E30: 2 | F30: 2 | G30: 0 | H30: 3 | I30: 5 | J30: 125 | L30: CVL 334 | M30: Construction Planning and Scheduling | AF30: X | AJ30: X | AK30: X | AM30: =COUNTIF(N30:AL30,"*X*") -> 3
C31: CVL 315 | D31: Structural Steel Design | E31: 2 | F31: 2 | G31: 0 | H31: 3 | I31: 5 | J31: 125 | L31: CVL 431 | M31: Value and Risk Management in Construction | AG31: X | AH31: X | AJ31: X | AL31: X | AM31: =COUNTIF(N31:AL31,"*X*") -> 4
C32: CVL 321 | D32: Engineering Materials-2 | E32: 2 | F32: 1 | G32: 1 | H32: 3 | I32: 5 | J32: 125 | L32: CVL 432 | M32: Contracts and Commercial Management | Y32: X | AG32: X | AI32: X | AM32: =COUNTIF(N32:AL32,"*X*") -> 3
C33: CVL 331 | D33: Construction Engineering and Methods | E33: 2 | F33: 2 | G33: 0 | H33: 3 | I33: 5 | J33: 125 | L33: CVL 433 | M33: Infrastructure Asset Management | W33: X | AF33: X | AI33: X | AL33: X | AM33: =COUNTIF(N33:AL33,"*X*") -> 4
C34: CVL 341 | D34: Fluid Mechanics | E34: 2 | F34: 1 | G34: 1 | H34: 3 | I34: 5 | J34: 125 | L34: CVL 434 | M34: Strategic Management in Construction | AF34: X | AG34: X | AH34: X | AI34: X | AM34: =COUNTIF(N34:AL34,"*X*") -> 4
C35: CVL 391 | D35: Practical Training-1 | H35: 0 | I35: 0 | L35: MTH 317 | M35: Introduction to Mathematical Optimization | T35: X | AD35: X | AL35: X | AM35: =COUNTIF(N35:AL35,"*X*") -> 3
C36: CVL 392 | D36: Practical Training-2 | H36: 0 | I36: 0 | L36: MTH 318 | M36: Advanced Probability and Statstics | T36: X | AD36: X | AL36: X | AM36: =COUNTIF(N36:AL36,"*X*") -> 3
C37: CVL 411 | D37: Design and Construction of Foundations | E37: 2 | F37: 2 | G37: 0 | H37: 3 | I37: 5 | J37: 125 | L37: MTH 319 | M37: Advanced Numerical Analysis | T37: X | AD37: X | AL37: X | AM37: =COUNTIF(N37:AL37,"*X*") -> 3
C38: CVL 441 | D38: Fundamentals of Hydraulic Engineering | E38: 2 | F38: 1 | G38: 1 | H38: 3 | I38: 5 | J38: 125 | L38: CVL 381 | M38: Computer applications in civil engineering | AD38: X | AM38: =COUNTIF(N38:AL38,"*X*") -> 1
C39: CVL 451 | D39: Introduction to Transportation and Highway Engineering | E39: 2 | F39: 1 | G39: 1 | H39: 3 | I39: 5 | J39: 125 | L39: CVL 413 | M39: Repair and Strengthening of Buildings | AD39: X | AF39: X | AK39: X | AM39: =COUNTIF(N39:AL39,"*X*") -> 3
C40: CVL 493 | D40: Graduation Project I | E40: 1 | F40: 0 | G40: 4 | H40: 3 | I40: 5 | J40: 125 | L40: CVL 422 | M40: Quality Control of Smart Materials | AD40: X | AK40: X | AM40: =COUNTIF(N40:AL40,"*X*") -> 2
C41: CVL 494 | D41: Graduation Project II | E41: 1 | F41: 0 | G41: 4 | H41: 3 | I41: 5 | J41: 125 | L41: CVL 435 | M41: Real Estate & Urban Planning Development | AG41: X | AI41: X | AJ41: X | AL41: X | AM41: =COUNTIF(N41:AL41,"*X*") -> 4
C42: CHM 111 | D42: Chemistry | E42: 2 | F42: 1 | G42: 1 | H42: 3 | I42: 5 | J42: 125 | L42: CVL 436 | M42: Principles of Management and Human Resources | AF42: X | AH42: X | AI42: X | AM42: =COUNTIF(N42:AL42,"*X*") -> 3
C43: MTH 112 | D43: Calculus II | E43: 2 | F43: 2 | G43: 0 | H43: 3 | I43: 5 | J43: 125 | L43: CVL 437 | M43: Building Information Modeling | AD43: X | AE43: X | AJ43: X | AM43: =COUNTIF(N43:AL43,"*X*") -> 3
C44: MTH 215 | D44: Differential Equations | E44: 2 | F44: 2 | G44: 0 | H44: 3 | I44: 5 | J44: 125 | L44: CVL 462 | M44: GIS in Smart Structures and Systems | AF44: X | AK44: X | AM44: =COUNTIF(N44:AL44,"*X*") -> 2
C45: MTH 216 | D45: Numerical Methods | E45: 2 | F45: 2 | G45: 0 | H45: 3 | I45: 5 | J45: 125 | L45: CVL 481 | M45: Advanced Surveying and GIS | AD45: X | AJ45: X | AK45: X | AM45: =COUNTIF(N45:AL45,"*X*") -> 3
D46: =COUNTA(D22:D45) -> 24 | E46: =SUM(E22:E45) -> 40 | F46: =SUM(F22:F45) -> 33 | G46: =SUM(G22:G45) -> 19 | H46: =SUM(H22:H45) -> 66 | I46: =SUM(I22:I45) -> 110 | J46: =SUM(J22:J45) -> 2750 | L46: IND 252 | M46: Operational Research | U46: X | V46: X | AM46: =COUNTIF(N46:AL46,"*X*") -> 2
C47: CVL 332 | D47: Quantity Surveying, Estimation and Specifications | E47: 2 | F47: 2 | G47: 0 | H47: 3 | I47: 5 | J47: 125 | N47: =COUNTIF(N4:N46,"*X*") -> 0 | O47: =COUNTIF(O4:O46,"*X*") -> 0 | P47: =COUNTIF(P4:P46,"*X*") -> 0 | Q47: =COUNTIF(Q4:Q46,"*X*") -> 0 | R47: =COUNTIF(R4:R46,"*X*") -> 0 | S47: =COUNTIF(S4:S46,"*X*") -> 0 | T47: =COUNTIF(T4:T46,"*X*") -> 9 | U47: =COUNTIF(U4:U46,"*X*") -> 9 | ... AL47: =COUNTIF(AL4:AL46,"*X*") -> 6
C48: CVL 333 | D48: Civil Engineering Economics | E48: 2 | F48: 2 | G48: 0 | H48: 3 | I48: 5 | J48: 125
C49: CVL 334 | D49: Construction Planning and Scheduling | E49: 2 | F49: 1 | G49: 1 | H49: 3 | I49: 5 | J49: 125
C50: CVL 431 | D50: Value and Risk Management in Construction | E50: 2 | F50: 2 | G50: 0 | H50: 3 | I50: 5 | J50: 125
C51: CVL 432 | D51: Contracts and Commercial Management | E51: 2 | F51: 2 | G51: 0 | H51: 3 | I51: 5 | J51: 125
C52: CVL 433 | D52: Infrastructure Asset Management | E52: 2 | F52: 2 | G52: 0 | H52: 3 | I52: 5 | J52: 125
C53: CVL 434 | D53: Strategic Management in Construction | E53: 2 | F53: 2 | G53: 0 | H53: 3 | I53: 5 | J53: 125
C54: MTH E | D54: Major Math Elective | E54: 2 | F54: 2 | G54: 0 | H54: 3 | I54: 5 | J54: 125
C55: CVL E1 | D55: Major Elective (1) | E55: 2 | F55: 1 | G55: 1 | H55: 3 | I55: 5 | J55: 125
C56: CVL E2 | D56: Major Elective (2) | E56: 2 | F56: 1 | G56: 1 | H56: 3 | I56: 5 | J56: 125
C57: CVL E3 | D57: Major Elective (3) | E57: 2 | F57: 1 | G57: 1 | H57: 3 | I57: 5 | J57: 125
C58: CVL E4 | D58: Major Elective (4) | E58: 2 | F58: 1 | G58: 1 | H58: 3 | I58: 5 | J58: 125
D59: =COUNTA(D47:D58) -> 12 | E59: =SUM(E47:E58) -> 24 | F59: =SUM(F47:F58) -> 19 | G59: =SUM(G47:G58) -> 5 | H59: =SUM(H47:H58) -> 36 | I59: =SUM(I47:I58) -> 60 | J59: =SUM(J47:J58) -> 1500
D60: =D10+D21+D46+D59 -> 52 | E60: =E10+E21+E46+E59 -> 94 | F60: =F10+F21+F46+F59 -> 70 | G60: =G10+G21+G46+G59 -> 31 | H60: =H10+H21+H46+H59 -> 144 | I60: =I10+I21+I46+I59 -> 240 | J60: =J10+J21+J46+J59 -> 6000 | L60: =SUM(E60:G60) -> 195

Sheet CCE Major-1 (8 S)
C2: Requirements | D2: Credits and SWL | G2: Contact Hours | K2: TOR CR | L2: TOR % | M2: Actual % | S2: Program "Civil & Construction Engineering - CCE" Major-1 "Construction Engineering & Management" CEM [8-Semesters Study Plan]
D3: CH | E3: ECTS | F3: SWL | G3: Lec | H3: Tut | I3: Lab | J3: TT
C4: University Requirements | D4: {=SUM(SUM(D14:D21*$L14:$L21),SUM(U14:U21*$AC14:$AC21), SUM(D26:D33*$L26:$L33), SUM(U26:U33*$AC26:$AC33), SUM(D38:D45*$L38:$L45), SUM(U38:U45*$AC38:$AC45),SUM(D50:D56*$L50:$L56), SUM(U50:U56*$AC50:$AC56))} -> 12 | E4: {=SUM(SUM(E14:E21*$L14:$L21),SUM(V14:V21*$AC14:$AC21), SUM(E26:E33*$L26:$L33), SUM(V26:V33*$AC26:$AC33), SUM(E38:E45*$L38:$L45), SUM(V38:V45*$AC38:$AC45),SUM(E50:E56*$L50:$L56), SUM(V50:V56*$AC50:$AC56))} -> 20 | F4: {=SUM(SUM(F14:F21*$L14:$L21),SUM(W14:W21*$AC14:$AC21), SUM(F26:F33*$L26:$L33), SUM(W26:W33*$AC26:$AC33), SUM(F38:F45*$L38:$L45), SUM(W38:W45*$AC38:$AC45),SUM(F50:F56*$L50:$L56), SUM(W50:W56*$AC50:$AC56))} -> 500 | G4: {=SUM(SUM(G14:G21*$L14:$L21),SUM(X14:X21*$AC14:$AC21), SUM(G26:G33*$L26:$L33), SUM(X26:X33*$AC26:$AC33), SUM(G38:G45*$L38:$L45), SUM(X38:X45*$AC38:$AC45),SUM(G50:G56*$L50:$L56), SUM(X50:X56*$AC50:$AC56))} -> 10 | H4: {=SUM(SUM(H14:H21*$L14:$L21),SUM(Y14:Y21*$AC14:$AC21), SUM(H26:H33*$L26:$L33), SUM(Y26:Y33*$AC26:$AC33), SUM(H38:H45*$L38:$L45), SUM(Y38:Y45*$AC38:$AC45),SUM(H50:H56*$L50:$L56), SUM(Y50:Y56*$AC50:$AC56))} -> 2 | I4: {=SUM(SUM(I14:I21*$L14:$L21),SUM(Z14:Z21*$AC14:$AC21), SUM(I26:I33*$L26:$L33), SUM(Z26:Z33*$AC26:$AC33), SUM(I38:I45*$L38:$L45), SUM(Z38:Z45*$AC38:$AC45),SUM(I50:I56*$L50:$L56), SUM(Z50:Z56*$AC50:$AC56))} -> 2 | J4: {=SUM(SUM(J14:J21*$L14:$L21),SUM(AA14:AA21*$AC14:$AC21), SUM(J26:J33*$L26:$L33), SUM(AA26:AA33*$AC26:$AC33), SUM(J38:J45*$L38:$L45), SUM(AA38:AA45*$AC38:$AC45),SUM(J50:J56*$L50:$L56), SUM(AA50:AA56*$AC50:$AC56))} -> 14 | K4: 12 (Min.) | L4: 0.08 | M4: =D4/$D$10 -> 0.083333333
C5: Faculty of Engineering Requirements | D5: {=SUM(SUM(D14:D21*$M14:$M21),SUM(U14:U21*$AD14:$AD21), SUM(D26:D33*$M26:$M33), SUM(U26:U33*$AD26:$AD33), SUM(D38:D45*$M38:$M45), SUM(U38:U45*$AD38:$AD45),SUM(D50:D56*$M50:$M56), SUM(U50:U56*$AD50:$AD56))} -> 30 | E5: {=SUM(SUM(E14:E21*$M14:$M21),SUM(V14:V21*$AD14:$AD21), SUM(E26:E33*$M26:$M33), SUM(V26:V33*$AD26:$AD33), SUM(E38:E45*$M38:$M45), SUM(V38:V45*$AD38:$AD45),SUM(E50:E56*$M50:$M56), SUM(V50:V56*$AD50:$AD56))} -> 50 | F5: {=SUM(SUM(F14:F21*$M14:$M21),SUM(W14:W21*$AD14:$AD21), SUM(F26:F33*$M26:$M33), SUM(W26:W33*$AD26:$AD33), SUM(F38:F45*$M38:$M45), SUM(W38:W45*$AD38:$AD45),SUM(F50:F56*$M50:$M56), SUM(W50:W56*$AD50:$AD56))} -> 1250 | G5: {=SUM(SUM(G14:G21*$M14:$M21),SUM(X14:X21*$AD14:$AD21), SUM(G26:G33*$M26:$M33), SUM(X26:X33*$AD26:$AD33), SUM(G38:G45*$M38:$M45), SUM(X38:X45*$AD38:$AD45),SUM(G50:G56*$M50:$M56), SUM(X50:X56*$AD50:$AD56))} -> 20 | H5: {=SUM(SUM(H14:H21*$M14:$M21),SUM(Y14:Y21*$AD14:$AD21), SUM(H26:H33*$M26:$M33), SUM(Y26:Y33*$AD26:$AD33), SUM(H38:H45*$M38:$M45), SUM(Y38:Y45*$AD38:$AD45),SUM(H50:H56*$M50:$M56), SUM(Y50:Y56*$AD50:$AD56))} -> 16 | I5: {=SUM(SUM(I14:I21*$M14:$M21),SUM(Z14:Z21*$AD14:$AD21), SUM(I26:I33*$M26:$M33), SUM(Z26:Z33*$AD26:$AD33), SUM(I38:I45*$M38:$M45), SUM(Z38:Z45*$AD38:$AD45),SUM(I50:I56*$M50:$M56), SUM(Z50:Z56*$AD50:$AD56))} -> 5 | J5: {=SUM(SUM(J14:J21*$M14:$M21),SUM(AA14:AA21*$AD14:$AD21), SUM(J26:J33*$M26:$M33), SUM(AA26:AA33*$AD26:$AD33), SUM(J38:J45*$M38:$M45), SUM(AA38:AA45*$AD38:$AD45),SUM(J50:J56*$M50:$M56), SUM(AA50:AA56*$AD50:$AD56))} -> 41 | K5: 29 (Min.) | L5: 0.2 | M5: =D5/$D$10 -> 0.20833333
C6: Basic Sciences Requirements | D6: {=SUM(SUM(D14:D21*$N14:$N21),SUM(U14:U21*$AE14:$AE21), SUM(D26:D33*$N26:$N33), SUM(U26:U33*$AE26:$AE33), SUM(D38:D45*$N38:$N45), SUM(U38:U45*$AE38:$AE45),SUM(D50:D56*$N50:$N56), SUM(U50:U56*$AE50:$AE56))} -> 27 | E6: {=SUM(SUM(E14:E21*$N14:$N21),SUM(V14:V21*$AE14:$AE21), SUM(E26:E33*$N26:$N33), SUM(V26:V33*$AE26:$AE33), SUM(E38:E45*$N38:$N45), SUM(V38:V45*$AE38:$AE45),SUM(E50:E56*$N50:$N56), SUM(V50:V56*$AE50:$AE56))} -> 45 | F6: {=SUM(SUM(F14:F21*$N14:$N21),SUM(W14:W21*$AE14:$AE21), SUM(F26:F33*$N26:$N33), SUM(W26:W33*$AE26:$AE33), SUM(F38:F45*$N38:$N45), SUM(W38:W45*$AE38:$AE45),SUM(F50:F56*$N50:$N56), SUM(W50:W56*$AE50:$AE56))} -> 1125 | G6: {=SUM(SUM(G14:G21*$N14:$N21),SUM(X14:X21*$AE14:$AE21), SUM(G26:G33*$N26:$N33), SUM(X26:X33*$AE26:$AE33), SUM(G38:G45*$N38:$N45), SUM(X38:X45*$AE38:$AE45),SUM(G50:G56*$N50:$N56), SUM(X50:X56*$AE50:$AE56))} -> 18 | H6: {=SUM(SUM(H14:H21*$N14:$N21),SUM(Y14:Y21*$AE14:$AE21), SUM(H26:H33*$N26:$N33), SUM(Y26:Y33*$AE26:$AE33), SUM(H38:H45*$N38:$N45), SUM(Y38:Y45*$AE38:$AE45),SUM(H50:H56*$N50:$N56), SUM(Y50:Y56*$AE50:$AE56))} -> 17 | I6: {=SUM(SUM(I14:I21*$N14:$N21),SUM(Z14:Z21*$AE14:$AE21), SUM(I26:I33*$N26:$N33), SUM(Z26:Z33*$AE26:$AE33), SUM(I38:I45*$N38:$N45), SUM(Z38:Z45*$AE38:$AE45),SUM(I50:I56*$N50:$N56), SUM(Z50:Z56*$AE50:$AE56))} -> 2 | J6: {=SUM(SUM(J14:J21*$N14:$N21),SUM(AA14:AA21*$AE14:$AE21), SUM(J26:J33*$N26:$N33), SUM(AA26:AA33*$AE26:$AE33), SUM(J38:J45*$N38:$N45), SUM(AA38:AA45*$AE38:$AE45),SUM(J50:J56*$N50:$N56), SUM(AA50:AA56*$AE50:$AE56))} -> 37 | K6: 24 (Min.) | L6: 0.17 | M6: =D6/$D$10 -> 0.1875
C7: Program Requirements | D7: {=SUM(SUM(D14:D21*$O14:$O21),SUM(U14:U21*$AF14:$AF21), SUM(D26:D33*$O26:$O33), SUM(U26:U33*$AF26:$AF33), SUM(D38:D45*$O38:$O45), SUM(U38:U45*$AF38:$AF45),SUM(D50:D56*$O50:$O56), SUM(U50:U56*$AF50:$AF56))} -> 66 | E7: {=SUM(SUM(E14:E21*$O14:$O21),SUM(V14:V21*$AF14:$AF21), SUM(E26:E33*$O26:$O33), SUM(V26:V33*$AF26:$AF33), SUM(E38:E45*$O38:$O45), SUM(V38:V45*$AF38:$AF45),SUM(E50:E56*$O50:$O56), SUM(V50:V56*$AF50:$AF56))} -> 110 | F7: {=SUM(SUM(F14:F21*$O14:$O21),SUM(W14:W21*$AF14:$AF21), SUM(F26:F33*$O26:$O33), SUM(W26:W33*$AF26:$AF33), SUM(F38:F45*$O38:$O45), SUM(W38:W45*$AF38:$AF45),SUM(F50:F56*$O50:$O56), SUM(W50:W56*$AF50:$AF56))} -> 2750 | G7: {=SUM(SUM(G14:G21*$O14:$O21),SUM(X14:X21*$AF14:$AF21), SUM(G26:G33*$O26:$O33), SUM(X26:X33*$AF26:$AF33), SUM(G38:G45*$O38:$O45), SUM(X38:X45*$AF38:$AF45),SUM(G50:G56*$O50:$O56), SUM(X50:X56*$AF50:$AF56))} -> 40 | H7: {=SUM(SUM(H14:H21*$O14:$O21),SUM(Y14:Y21*$AF14:$AF21), SUM(H26:H33*$O26:$O33), SUM(Y26:Y33*$AF26:$AF33), SUM(H38:H45*$O38:$O45), SUM(Y38:Y45*$AF38:$AF45),SUM(H50:H56*$O50:$O56), SUM(Y50:Y56*$AF50:$AF56))} -> 33 | I7: {=SUM(SUM(I14:I21*$O14:$O21),SUM(Z14:Z21*$AF14:$AF21), SUM(I26:I33*$O26:$O33), SUM(Z26:Z33*$AF26:$AF33), SUM(I38:I45*$O38:$O45), SUM(Z38:Z45*$AF38:$AF45),SUM(I50:I56*$O50:$O56), SUM(Z50:Z56*$AF50:$AF56))} -> 19 | J7: {=SUM(SUM(J14:J21*$O14:$O21),SUM(AA14:AA21*$AF14:$AF21), SUM(J26:J33*$O26:$O33), SUM(AA26:AA33*$AF26:$AF33), SUM(J38:J45*$O38:$O45), SUM(AA38:AA45*$AF38:$AF45),SUM(J50:J56*$O50:$O56), SUM(AA50:AA56*$AF50:$AF56))} -> 92 | K7: 50 (Min.) | L7: 0.35 | M7: =D7/$D$10 -> 0.45833333 | O7: =D4+D5+D7+D8 -> 144 | P7: =E4+E5+E7+E8 -> 240
C8: Major Requirements (Specialization) | D8: {=SUM(SUM(D14:D21*$P14:$P21),SUM(U14:U21*$AG14:$AG21), SUM(D26:D33*$P26:$P33), SUM(U26:U33*$AG26:$AG33), SUM(D38:D45*$P38:$P45), SUM(U38:U45*$AG38:$AG45),SUM(D50:D56*$P50:$P56), SUM(U50:U56*$AG50:$AG56))} -> 36 | E8: {=SUM(SUM(E14:E21*$P14:$P21),SUM(V14:V21*$AG14:$AG21), SUM(E26:E33*$P26:$P33), SUM(V26:V33*$AG26:$AG33), SUM(E38:E45*$P38:$P45), SUM(V38:V45*$AG38:$AG45),SUM(E50:E56*$P50:$P56), SUM(V50:V56*$AG50:$AG56))} -> 60 | F8: {=SUM(SUM(F14:F21*$P14:$P21),SUM(W14:W21*$AG14:$AG21), SUM(F26:F33*$P26:$P33), SUM(W26:W33*$AG26:$AG33), SUM(F38:F45*$P38:$P45), SUM(W38:W45*$AG38:$AG45),SUM(F50:F56*$P50:$P56), SUM(W50:W56*$AG50:$AG56))} -> 1500 | G8: {=SUM(SUM(G14:G21*$P14:$P21),SUM(X14:X21*$AG14:$AG21), SUM(G26:G33*$P26:$P33), SUM(X26:X33*$AG26:$AG33), SUM(G38:G45*$P38:$P45), SUM(X38:X45*$AG38:$AG45),SUM(G50:G56*$P50:$P56), SUM(X50:X56*$AG50:$AG56))} -> 24 | H8: {=SUM(SUM(H14:H21*$P14:$P21),SUM(Y14:Y21*$AG14:$AG21), SUM(H26:H33*$P26:$P33), SUM(Y26:Y33*$AG26:$AG33), SUM(H38:H45*$P38:$P45), SUM(Y38:Y45*$AG38:$AG45),SUM(H50:H56*$P50:$P56), SUM(Y50:Y56*$AG50:$AG56))} -> 19 | I8: {=SUM(SUM(I14:I21*$P14:$P21),SUM(Z14:Z21*$AG14:$AG21), SUM(I26:I33*$P26:$P33), SUM(Z26:Z33*$AG26:$AG33), SUM(I38:I45*$P38:$P45), SUM(Z38:Z45*$AG38:$AG45),SUM(I50:I56*$P50:$P56), SUM(Z50:Z56*$AG50:$AG56))} -> 5 | J8: {=SUM(SUM(J14:J21*$P14:$P21),SUM(AA14:AA21*$AG14:$AG21), SUM(J26:J33*$P26:$P33), SUM(AA26:AA33*$AG26:$AG33), SUM(J38:J45*$P38:$P45), SUM(AA38:AA45*$AG38:$AG45),SUM(J50:J56*$P50:$P56), SUM(AA50:AA56*$AG50:$AG56))} -> 48 | K8: 43 (Max.) | L8: 0.3 | M8: =D8/$D$10 -> 0.25 | O8: =M4+M5+M7+M8 -> 1
C9: Electives | D9: {=SUM(SUM(D14:D21*$Q14:$Q21),SUM(U14:U21*$AH14:$AH21), SUM(D26:D33*$Q26:$Q33), SUM(U26:U33*$AH26:$AH33), SUM(D38:D45*$Q38:$Q45), SUM(U38:U45*$AH38:$AH45),SUM(D50:D56*$Q50:$Q56), SUM(U50:U56*$AH50:$AH56))} -> 24 | E9: {=SUM(SUM(E14:E21*$Q14:$Q21),SUM(V14:V21*$AH14:$AH21), SUM(E26:E33*$Q26:$Q33), SUM(V26:V33*$AH26:$AH33), SUM(E38:E45*$Q38:$Q45), SUM(V38:V45*$AH38:$AH45),SUM(E50:E56*$Q50:$Q56), SUM(V50:V56*$AH50:$AH56))} -> 40 | F9: {=SUM(SUM(F14:F21*$Q14:$Q21),SUM(W14:W21*$AH14:$AH21), SUM(F26:F33*$Q26:$Q33), SUM(W26:W33*$AH26:$AH33), SUM(F38:F45*$Q38:$Q45), SUM(W38:W45*$AH38:$AH45),SUM(F50:F56*$Q50:$Q56), SUM(W50:W56*$AH50:$AH56))} -> 1000 | G9: {=SUM(SUM(G14:G21*$Q14:$Q21),SUM(X14:X21*$AH14:$AH21), SUM(G26:G33*$Q26:$Q33), SUM(X26:X33*$AH26:$AH33), SUM(G38:G45*$Q38:$Q45), SUM(X38:X45*$AH38:$AH45),SUM(G50:G56*$Q50:$Q56), SUM(X50:X56*$AH50:$AH56))} -> 17 | H9: {=SUM(SUM(H14:H21*$Q14:$Q21),SUM(Y14:Y21*$AH14:$AH21), SUM(H26:H33*$Q26:$Q33), SUM(Y26:Y33*$AH26:$AH33), SUM(H38:H45*$Q38:$Q45), SUM(Y38:Y45*$AH38:$AH45),SUM(H50:H56*$Q50:$Q56), SUM(Y50:Y56*$AH50:$AH56))} -> 10 | I9: {=SUM(SUM(I14:I21*$Q14:$Q21),SUM(Z14:Z21*$AH14:$AH21), SUM(I26:I33*$Q26:$Q33), SUM(Z26:Z33*$AH26:$AH33), SUM(I38:I45*$Q38:$Q45), SUM(Z38:Z45*$AH38:$AH45),SUM(I50:I56*$Q50:$Q56), SUM(Z50:Z56*$AH50:$AH56))} -> 4 | J9: {=SUM(SUM(J14:J21*$Q14:$Q21),SUM(AA14:AA21*$AH14:$AH21), SUM(J26:J33*$Q26:$Q33), SUM(AA26:AA33*$AH26:$AH33), SUM(J38:J45*$Q38:$Q45), SUM(AA38:AA45*$AH38:$AH45),SUM(J50:J56*$Q50:$Q56), SUM(AA50:AA56*$AH50:$AH56))} -> 31 | K9: 22 (Min.) | L9: 0.15 | M9: =D9/$D$10 -> 0.16666667
C10: Totals | D10: =D22+U22+D34+U34+D46+U46+D57+U57 -> 144 | E10: =E22+V22+E34+V34+E46+V46+E57+V57 -> 240 | F10: =F22+W22+F34+W34+F46+W46+F57+W57 -> 6000 | G10: =G22+X22+G34+X34+G46+X46+G57+X57 -> 94 | H10: =H22+Y22+H34+Y34+H46+Y46+H57+Y57 -> 70 | I10: =I22+Z22+I34+Z34+I46+Z46+I57+Z57 -> 31 | J10: =J22+AA22+J34+AA34+J46+AA46+J57+AA57 -> 195
A12: Fall Y1 | B12: Code | C12: Course Title | D12: Credits and SWL | G12: Contact Hours | K12: PreReq. | L12: Univ | M12: EAS | N12: Basic Sc. | O12: Prog | P12: Major | Q12: Elec | R12: Spring Y1 | S12: Code | T12: Course Title | U12: Credits and SWL | X12: Contact Hours | AB12: PreReq. | AC12: Univ | AD12: EAS | AE12: Basic Sc. | AF12: Prog | AG12: Major | AH12: Elec
D13: CH | E13: ECTS | F13: SWL | G13: Lec | H13: Tut | I13: Lab | J13: TT | U13: CH | V13: ECTS | W13: SWL | X13: Lec | Y13: Tut | Z13: Lab | AA13: TT
B14: ='List of Courses'!B4 -> EGL111 | C14: ='List of Courses'!C4 -> English I | D14: ='List of Courses'!D4 -> 0 | E14: ='List of Courses'!E4 -> 0 | F14: ='List of Courses'!F4 -> 0 | G14: ='List of Courses'!G4 -> 0 | H14: ='List of Courses'!H4 -> 0 | I14: ='List of Courses'!I4 -> 0 | ... Q14: ='List of Courses'!Q4 -> 0 | S14: ='List of Courses'!B5 -> EGL112 | T14: ='List of Courses'!C5 -> English II | U14: ='List of Courses'!D5 -> 0 | V14: ='List of Courses'!E5 -> 0 | W14: ='List of Courses'!F5 -> 0 | X14: ='List of Courses'!G5 -> 0 | Y14: ='List of Courses'!H5 -> 0 | Z14: ='List of Courses'!I5 -> 0 | ... AH14: ='List of Courses'!Q5 -> 0
B15: ='List of Courses'!B8 -> CSC111 | C15: ='List of Courses'!C8 -> Computer and Information Skills | D15: ='List of Courses'!D8 -> 3 | E15: ='List of Courses'!E8 -> 5 | F15: ='List of Courses'!F8 -> 125 | G15: ='List of Courses'!G8 -> 1 | H15: ='List of Courses'!H8 -> 2 | I15: ='List of Courses'!I8 -> 2 | ... Q15: ='List of Courses'!Q8 -> 0 | S15: ='List of Courses'!B9 -> HUM E1 | T15: ='List of Courses'!C9 -> Humanities and Social Sciences Electives | U15: ='List of Courses'!D9 -> 3 | V15: ='List of Courses'!E9 -> 5 | W15: ='List of Courses'!F9 -> 125 | X15: ='List of Courses'!G9 -> 3 | Y15: ='List of Courses'!H9 -> 0 | Z15: ='List of Courses'!I9 -> 0 | ... AH15: ='List of Courses'!Q9 -> 1
B16: ='List of Courses'!B10 -> MTH111 | C16: ='List of Courses'!C10 -> Analytical Geometry and Calculus I | D16: ='List of Courses'!D10 -> 3 | E16: ='List of Courses'!E10 -> 5 | F16: ='List of Courses'!F10 -> 125 | G16: ='List of Courses'!G10 -> 2 | H16: ='List of Courses'!H10 -> 2 | I16: ='List of Courses'!I10 -> 0 | ... Q16: ='List of Courses'!Q10 -> 0 | S16: ='List of Courses'!B11 -> MTH112 | T16: ='List of Courses'!C11 -> Calculus II | U16: ='List of Courses'!D11 -> 3 | V16: ='List of Courses'!E11 -> 5 | W16: ='List of Courses'!F11 -> 125 | X16: ='List of Courses'!G11 -> 2 | Y16: ='List of Courses'!H11 -> 2 | Z16: ='List of Courses'!I11 -> 0 | ... AH16: ='List of Courses'!Q11 -> 0
B17: ='List of Courses'!B20 -> PHY111 | C17: ='List of Courses'!C20 -> Physics I | D17: ='List of Courses'!D20 -> 3 | E17: ='List of Courses'!E20 -> 5 | F17: ='List of Courses'!F20 -> 125 | G17: ='List of Courses'!G20 -> 2 | H17: ='List of Courses'!H20 -> 2 | I17: ='List of Courses'!I20 -> 1 | ... Q17: ='List of Courses'!Q20 -> 0 | S17: ='List of Courses'!B12 -> MTH113 | T17: ='List of Courses'!C12 -> Probability and Statistics | U17: ='List of Courses'!D12 -> 3 | V17: ='List of Courses'!E12 -> 5 | W17: ='List of Courses'!F12 -> 125 | X17: ='List of Courses'!G12 -> 2 | Y17: ='List of Courses'!H12 -> 2 | Z17: ='List of Courses'!I12 -> 0 | ... AH17: ='List of Courses'!Q12 -> 0
B18: ='List of Courses'!B23 -> MEC111 | C18: ='List of Courses'!C23 -> Engineering Mechanics I - Statics | D18: ='List of Courses'!D23 -> 3 | E18: ='List of Courses'!E23 -> 5 | F18: ='List of Courses'!F23 -> 125 | G18: ='List of Courses'!G23 -> 2 | H18: ='List of Courses'!H23 -> 2 | I18: ='List of Courses'!I23 -> 0 | ... Q18: ='List of Courses'!Q23 -> 0 | S18: ='List of Courses'!B22 -> CHM111 | T18: ='List of Courses'!C22 -> Chemistry Principles | U18: ='List of Courses'!D22 -> 3 | V18: ='List of Courses'!E22 -> 5 | W18: ='List of Courses'!F22 -> 125 | X18: ='List of Courses'!G22 -> 2 | Y18: ='List of Courses'!H22 -> 1 | Z18: ='List of Courses'!I22 -> 1 | ... AH18: ='List of Courses'!Q22 -> 0
B19: ='List of Courses'!B25 -> INT121 | C19: ='List of Courses'!C25 -> Engineering Drawing | D19: ='List of Courses'!D25 -> 3 | E19: ='List of Courses'!E25 -> 5 | F19: ='List of Courses'!F25 -> 125 | G19: ='List of Courses'!G25 -> 2 | H19: ='List of Courses'!H25 -> 0 | I19: ='List of Courses'!I25 -> 2 | ... Q19: ='List of Courses'!Q25 -> 0 | S19: ='List of Courses'!B29 -> ECE151 | T19: ='List of Courses'!C29 -> Introduction to Programming | U19: ='List of Courses'!D29 -> 3 | V19: ='List of Courses'!E29 -> 5 | W19: ='List of Courses'!F29 -> 125 | X19: ='List of Courses'!G29 -> 2 | Y19: ='List of Courses'!H29 -> 0 | Z19: ='List of Courses'!I29 -> 2 | ... AH19: ='List of Courses'!Q29 -> 0
B20: ='List of Courses'!B26 -> INT E1 | C20: ='List of Courses'!C26 -> Engineering History Electives | D20: ='List of Courses'!D26 -> 3 | E20: ='List of Courses'!E26 -> 5 | F20: ='List of Courses'!F26 -> 125 | G20: ='List of Courses'!G26 -> 2 | H20: ='List of Courses'!H26 -> 2 | I20: ='List of Courses'!I26 -> 0 | ... Q20: ='List of Courses'!Q26 -> 1 | S20: ='List of Courses'!B30 -> CVL211 | T20: ='List of Courses'!C30 -> Structural Analysis-1 | U20: ='List of Courses'!D30 -> 3 | V20: ='List of Courses'!E30 -> 5 | W20: ='List of Courses'!F30 -> 125 | X20: ='List of Courses'!G30 -> 2 | Y20: ='List of Courses'!H30 -> 2 | Z20: ='List of Courses'!I30 -> 0 | ... AH20: ='List of Courses'!Q30 -> 0
D22: =SUM(D14:D21) -> 18 | E22: =SUM(E14:E21) -> 30 | F22: =SUM(F14:F21) -> 750 | G22: =SUM(G14:G21) -> 11 | H22: =SUM(H14:H21) -> 10 | I22: =SUM(I14:I21) -> 5 | J22: =SUM(J14:J21) -> 26 | U22: =SUM(U14:U21) -> 18 | V22: =SUM(V14:V21) -> 30 | W22: =SUM(W14:W21) -> 750 | X22: =SUM(X14:X21) -> 13 | Y22: =SUM(Y14:Y21) -> 7 | Z22: =SUM(Z14:Z21) -> 3 | AA22: =SUM(AA14:AA21) -> 23
A24: Fall Y2 | B24: Code | C24: Course Title | D24: Credits and SWL | G24: Contact Hours | K24: PreReq. | L24: Univ | M24: EAS | N24: Basic Sc. | O24: Prog | P24: Major | Q24: Elec | R24: Spring Y2 | S24: Code | T24: Course Title | U24: Credits and SWL | X24: Contact Hours | AB24: PreReq. | AC24: Univ | AD24: EAS | AE24: Basic Sc. | AF24: Prog | AG24: Major | AH24: Elec
D25: CH | E25: ECTS | F25: SWL | G25: Lec | H25: Tut | I25: Lab | J25: TT | U25: CH | V25: ECTS | W25: SWL | X25: Lec | Y25: Tut | Z25: Lab | AA25: TT
B26: ='List of Courses'!B6 -> EGL213 | C26: ='List of Courses'!C6 -> Writing Skills | D26: ='List of Courses'!D6 -> 3 | E26: ='List of Courses'!E6 -> 5 | F26: ='List of Courses'!F6 -> 125 | G26: ='List of Courses'!G6 -> 3 | H26: ='List of Courses'!H6 -> 0 | I26: ='List of Courses'!I6 -> 0 | ... Q26: ='List of Courses'!Q6 -> 0 | S26: ='List of Courses'!B7 -> EGL214 | T26: ='List of Courses'!C7 -> Communication and Presentation Skills | U26: ='List of Courses'!D7 -> 3 | V26: ='List of Courses'!E7 -> 5 | W26: ='List of Courses'!F7 -> 125 | X26: ='List of Courses'!G7 -> 3 | Y26: ='List of Courses'!H7 -> 0 | Z26: ='List of Courses'!I7 -> 0 | ... AH26: ='List of Courses'!Q7 -> 0
B27: ='List of Courses'!B13 -> MTH214 | C27: ='List of Courses'!C13 -> Linear Algebra & Introduction to Machine Learning | D27: ='List of Courses'!D13 -> 3 | E27: ='List of Courses'!E13 -> 5 | F27: ='List of Courses'!F13 -> 125 | G27: ='List of Courses'!G13 -> 2 | H27: ='List of Courses'!H13 -> 2 | I27: ='List of Courses'!I13 -> 0 | ... Q27: ='List of Courses'!Q13 -> 0 | S27: ='List of Courses'!B14 -> MTH215 | T27: ='List of Courses'!C14 -> Differential Equations | U27: ='List of Courses'!D14 -> 3 | V27: ='List of Courses'!E14 -> 5 | W27: ='List of Courses'!F14 -> 125 | X27: ='List of Courses'!G14 -> 2 | Y27: ='List of Courses'!H14 -> 2 | Z27: ='List of Courses'!I14 -> 0 | ... AH27: ='List of Courses'!Q14 -> 0
B28: ='List of Courses'!B34 -> CVL281 | C28: ='List of Courses'!C34 -> Introduction to Surveying | D28: ='List of Courses'!D34 -> 3 | E28: ='List of Courses'!E34 -> 5 | F28: ='List of Courses'!F34 -> 125 | G28: ='List of Courses'!G34 -> 1 | H28: ='List of Courses'!H34 -> 2 | I28: ='List of Courses'!I34 -> 2 | ... Q28: ='List of Courses'!Q34 -> 0 | S28: ='List of Courses'!B33 -> CVL231 | T28: ='List of Courses'!C33 -> Construction Project Management | U28: ='List of Courses'!D33 -> 3 | V28: ='List of Courses'!E33 -> 5 | W28: ='List of Courses'!F33 -> 125 | X28: ='List of Courses'!G33 -> 2 | Y28: ='List of Courses'!H33 -> 2 | Z28: ='List of Courses'!I33 -> 0 | ... AH28: ='List of Courses'!Q33 -> 0
B29: ='List of Courses'!B35 -> CVL282 | C29: ='List of Courses'!C35 -> Civil Engineering Drafting | D29: ='List of Courses'!D35 -> 3 | E29: ='List of Courses'!E35 -> 5 | F29: ='List of Courses'!F35 -> 125 | G29: ='List of Courses'!G35 -> 1 | H29: ='List of Courses'!H35 -> 2 | I29: ='List of Courses'!I35 -> 2 | ... Q29: ='List of Courses'!Q35 -> 0 | S29: ='List of Courses'!B36 -> CVL311 | T29: ='List of Courses'!C36 -> Reinforced Concrete Design-1 | U29: ='List of Courses'!D36 -> 3 | V29: ='List of Courses'!E36 -> 5 | W29: ='List of Courses'!F36 -> 125 | X29: ='List of Courses'!G36 -> 2 | Y29: ='List of Courses'!H36 -> 2 | Z29: ='List of Courses'!I36 -> 0 | ... AH29: ='List of Courses'!Q36 -> 0
B30: ='List of Courses'!B31 -> CVL212 | C30: ='List of Courses'!C31 -> Structural Analysis-2 | D30: ='List of Courses'!D31 -> 3 | E30: ='List of Courses'!E31 -> 5 | F30: ='List of Courses'!F31 -> 125 | G30: ='List of Courses'!G31 -> 2 | H30: ='List of Courses'!H31 -> 2 | I30: ='List of Courses'!I31 -> 0 | ... Q30: ='List of Courses'!Q31 -> 0 | S30: ='List of Courses'!B41 -> CVL321 | T30: ='List of Courses'!C41 -> Engineering Materials-2 | U30: ='List of Courses'!D41 -> 3 | V30: ='List of Courses'!E41 -> 5 | W30: ='List of Courses'!F41 -> 125 | X30: ='List of Courses'!G41 -> 2 | Y30: ='List of Courses'!H41 -> 1 | Z30: ='List of Courses'!I41 -> 1 | ... AH30: ='List of Courses'!Q41 -> 0
B31: ='List of Courses'!B32 -> CVL221 | C31: ='List of Courses'!C32 -> Engineering Materials-1 | D31: ='List of Courses'!D32 -> 3 | E31: ='List of Courses'!E32 -> 5 | F31: ='List of Courses'!F32 -> 125 | G31: ='List of Courses'!G32 -> 2 | H31: ='List of Courses'!H32 -> 1 | I31: ='List of Courses'!I32 -> 1 | ... Q31: ='List of Courses'!Q32 -> 0 | S31: ='List of Courses'!B42 -> CVL331 | T31: ='List of Courses'!C42 -> Construction Engineering & Methods | U31: ='List of Courses'!D42 -> 3 | V31: ='List of Courses'!E42 -> 5 | W31: ='List of Courses'!F42 -> 125 | X31: ='List of Courses'!G42 -> 2 | Y31: ='List of Courses'!H42 -> 2 | Z31: ='List of Courses'!I42 -> 0 | ... AH31: ='List of Courses'!Q42 -> 0
S32: ='List of Courses'!B49 -> CVL391 | T32: ='List of Courses'!C49 -> Practical Training-1 | U32: ='List of Courses'!D49 -> 0 | V32: ='List of Courses'!E49 -> 0 | W32: ='List of Courses'!F49 -> 0 | X32: ='List of Courses'!G49 -> 0 | Y32: ='List of Courses'!H49 -> 0 | Z32: ='List of Courses'!I49 -> 0 | ... AH32: ='List of Courses'!Q49 -> 0
D34: =SUM(D26:D33) -> 18 | E34: =SUM(E26:E33) -> 30 | F34: =SUM(F26:F33) -> 750 | G34: =SUM(G26:G33) -> 11 | H34: =SUM(H26:H33) -> 9 | I34: =SUM(I26:I33) -> 5 | J34: =SUM(J26:J33) -> 25 | U34: =SUM(U26:U33) -> 18 | V34: =SUM(V26:V33) -> 30 | W34: =SUM(W26:W33) -> 750 | X34: =SUM(X26:X33) -> 13 | Y34: =SUM(Y26:Y33) -> 9 | Z34: =SUM(Z26:Z33) -> 1 | AA34: =SUM(AA26:AA33) -> 23
A36: Fall Y3 | B36: Code | C36: Course Title | D36: Credits and SWL | G36: Contact Hours | K36: PreReq. | L36: Univ | M36: EAS | N36: Basic Sc. | O36: Prog | P36: Major | Q36: Elec | R36: Spring Y3 | S36: Code | T36: Course Title | U36: Credits and SWL | X36: Contact Hours | AB36: PreReq. | AC36: Univ | AD36: EAS | AE36: Basic Sc. | AF36: Prog | AG36: Major | AH36: Elec
D37: CH | E37: ECTS | F37: SWL | G37: Lec | H37: Tut | I37: Lab | J37: TT | U37: CH | V37: ECTS | W37: SWL | X37: Lec | Y37: Tut | Z37: Lab | AA37: TT
B38: ='List of Courses'!B37 -> CVL312 | C38: ='List of Courses'!C37 -> Soil Mechanics | D38: ='List of Courses'!D37 -> 3 | E38: ='List of Courses'!E37 -> 5 | F38: ='List of Courses'!F37 -> 125 | G38: ='List of Courses'!G37 -> 2 | H38: ='List of Courses'!H37 -> 1 | I38: ='List of Courses'!I37 -> 1 | ... Q38: ='List of Courses'!Q37 -> 0 | S38: ='List of Courses'!B40 -> CVL315 | T38: ='List of Courses'!C40 -> Structural Steel Design | U38: ='List of Courses'!D40 -> 3 | V38: ='List of Courses'!E40 -> 5 | W38: ='List of Courses'!F40 -> 125 | X38: ='List of Courses'!G40 -> 2 | Y38: ='List of Courses'!H40 -> 2 | Z38: ='List of Courses'!I40 -> 0 | ... AH38: ='List of Courses'!Q40 -> 0
B39: ='List of Courses'!B39 -> CVL314 | C39: ='List of Courses'!C39 -> Reinforced Concrete Design-2 | D39: ='List of Courses'!D39 -> 3 | E39: ='List of Courses'!E39 -> 5 | F39: ='List of Courses'!F39 -> 125 | G39: ='List of Courses'!G39 -> 2 | H39: ='List of Courses'!H39 -> 2 | I39: ='List of Courses'!I39 -> 0 | ... Q39: ='List of Courses'!Q39 -> 0 | S39: ='List of Courses'!B45 -> CVL334 | T39: ='List of Courses'!C45 -> Construction Planning & Scheduling | U39: ='List of Courses'!D45 -> 3 | V39: ='List of Courses'!E45 -> 5 | W39: ='List of Courses'!F45 -> 125 | X39: ='List of Courses'!G45 -> 2 | Y39: ='List of Courses'!H45 -> 1 | Z39: ='List of Courses'!I45 -> 1 | ... AH39: ='List of Courses'!Q45 -> 0
B40: ='List of Courses'!B43 -> CVL332 | C40: ='List of Courses'!C43 -> Quantity Surveying, Estimation and Specifications | D40: ='List of Courses'!D43 -> 3 | E40: ='List of Courses'!E43 -> 5 | F40: ='List of Courses'!F43 -> 125 | G40: ='List of Courses'!G43 -> 2 | H40: ='List of Courses'!H43 -> 2 | I40: ='List of Courses'!I43 -> 0 | ... Q40: ='List of Courses'!Q43 -> 0 | S40: ='List of Courses'!B50 -> CVL392 | T40: ='List of Courses'!C50 -> Practical Training-2 | U40: ='List of Courses'!D50 -> 0 | V40: ='List of Courses'!E50 -> 0 | W40: ='List of Courses'!F50 -> 0 | X40: ='List of Courses'!G50 -> 0 | Y40: ='List of Courses'!H50 -> 0 | Z40: ='List of Courses'!I50 -> 0 | ... AH40: ='List of Courses'!Q50 -> 0
B41: ='List of Courses'!B44 -> CVL333 | C41: ='List of Courses'!C44 -> Civil Engineering Economics | D41: ='List of Courses'!D44 -> 3 | E41: ='List of Courses'!E44 -> 5 | F41: ='List of Courses'!F44 -> 125 | G41: ='List of Courses'!G44 -> 2 | H41: ='List of Courses'!H44 -> 2 | I41: ='List of Courses'!I44 -> 0 | ... Q41: ='List of Courses'!Q44 -> 0 | S41: ='List of Courses'!B51 -> CVL411 | T41: ='List of Courses'!C51 -> Design & Construction of Foundations | U41: ='List of Courses'!D51 -> 3 | V41: ='List of Courses'!E51 -> 5 | W41: ='List of Courses'!F51 -> 125 | X41: ='List of Courses'!G51 -> 2 | Y41: ='List of Courses'!H51 -> 2 | Z41: ='List of Courses'!I51 -> 0 | ... AH41: ='List of Courses'!Q51 -> 0
B42: ='List of Courses'!B46 -> CVL341 | C42: ='List of Courses'!C46 -> Fluid Mechanics | D42: ='List of Courses'!D46 -> 3 | E42: ='List of Courses'!E46 -> 5 | F42: ='List of Courses'!F46 -> 125 | G42: ='List of Courses'!G46 -> 2 | H42: ='List of Courses'!H46 -> 1 | I42: ='List of Courses'!I46 -> 1 | ... Q42: ='List of Courses'!Q46 -> 0 | S42: ='List of Courses'!B57 -> CVL432 | T42: ='List of Courses'!C57 -> Contracts & Commercial Management | U42: ='List of Courses'!D57 -> 3 | V42: ='List of Courses'!E57 -> 5 | W42: ='List of Courses'!F57 -> 125 | X42: ='List of Courses'!G57 -> 2 | Y42: ='List of Courses'!H57 -> 2 | Z42: ='List of Courses'!I57 -> 0 | ... AH42: ='List of Courses'!Q57 -> 0
B43: ='List of Courses'!B56 -> CVL431 | C43: ='List of Courses'!C56 -> Value & Risk Management in Construction | D43: ='List of Courses'!D56 -> 3 | E43: ='List of Courses'!E56 -> 5 | F43: ='List of Courses'!F56 -> 125 | G43: ='List of Courses'!G56 -> 2 | H43: ='List of Courses'!H56 -> 2 | I43: ='List of Courses'!I56 -> 0 | ... Q43: ='List of Courses'!Q56 -> 0 | S43: ='List of Courses'!B63 -> CVL441 | T43: ='List of Courses'!C63 -> Fundamentals of Hydraulic Engineering | U43: ='List of Courses'!D63 -> 3 | V43: ='List of Courses'!E63 -> 5 | W43: ='List of Courses'!F63 -> 125 | X43: ='List of Courses'!G63 -> 2 | Y43: ='List of Courses'!H63 -> 1 | Z43: ='List of Courses'!I63 -> 1 | ... AH43: ='List of Courses'!Q63 -> 0
S44: ='List of Courses'!B64 -> CVL451 | T44: ='List of Courses'!C64 -> Introduction to Transportation & Highway Engineering | U44: ='List of Courses'!D64 -> 3 | V44: ='List of Courses'!E64 -> 5 | W44: ='List of Courses'!F64 -> 125 | X44: ='List of Courses'!G64 -> 2 | Y44: ='List of Courses'!H64 -> 1 | Z44: ='List of Courses'!I64 -> 1 | ... AH44: ='List of Courses'!Q64 -> 0
D46: =SUM(D38:D45) -> 18 | E46: =SUM(E38:E45) -> 30 | F46: =SUM(F38:F45) -> 750 | G46: =SUM(G38:G45) -> 12 | H46: =SUM(H38:H45) -> 10 | I46: =SUM(I38:I45) -> 2 | J46: =SUM(J38:J45) -> 24 | U46: =SUM(U38:U45) -> 18 | V46: =SUM(V38:V45) -> 30 | W46: =SUM(W38:W45) -> 750 | X46: =SUM(X38:X45) -> 12 | Y46: =SUM(Y38:Y45) -> 9 | Z46: =SUM(Z38:Z45) -> 3 | AA46: =SUM(AA38:AA45) -> 24
A48: Fall Y4 | B48: Code | C48: Course Title | D48: Credits and SWL | G48: Contact Hours | K48: PreReq. | L48: Univ | M48: EAS | N48: Basic Sc. | O48: Prog | P48: Major | Q48: Elec | R48: Spring Y4 | S48: Code | T48: Course Title | U48: Credits and SWL | X48: Contact Hours | AB48: PreReq. | AC48: Univ | AD48: EAS | AE48: Basic Sc. | AF48: Prog | AG48: Major | AH48: Elec
D49: CH | E49: ECTS | F49: SWL | G49: Lec | H49: Tut | I49: Lab | J49: TT | U49: CH | V49: ECTS | W49: SWL | X49: Lec | Y49: Tut | Z49: Lab | AA49: TT
B50: ='List of Courses'!B15 -> MTH216 | C50: ='List of Courses'!C15 -> Numerical Methods | D50: ='List of Courses'!D15 -> 3 | E50: ='List of Courses'!E15 -> 5 | F50: ='List of Courses'!F15 -> 125 | G50: ='List of Courses'!G15 -> 2 | H50: ='List of Courses'!H15 -> 2 | I50: ='List of Courses'!I15 -> 0 | ... Q50: ='List of Courses'!Q15 -> 0 | S50: ='List of Courses'!B73 -> CVL E2 | T50: ='List of Courses'!C73 -> Major Elective (2) | U50: ='List of Courses'!D73 -> 3 | V50: ='List of Courses'!E73 -> 5 | W50: ='List of Courses'!F73 -> 125 | X50: ='List of Courses'!G73 -> 2 | Y50: ='List of Courses'!H73 -> 1 | Z50: ='List of Courses'!I73 -> 1 | ... AH50: ='List of Courses'!Q73 -> 1
B51: ='List of Courses'!B58 -> CVL433 | C51: ='List of Courses'!C58 -> Infrastructure Asset Management | D51: ='List of Courses'!D58 -> 3 | E51: ='List of Courses'!E58 -> 5 | F51: ='List of Courses'!F58 -> 125 | G51: ='List of Courses'!G58 -> 2 | H51: ='List of Courses'!H58 -> 2 | I51: ='List of Courses'!I58 -> 0 | ... Q51: ='List of Courses'!Q58 -> 0 | S51: ='List of Courses'!B74 -> CVL E3 | T51: ='List of Courses'!C74 -> Major Elective (3) | U51: ='List of Courses'!D74 -> 3 | V51: ='List of Courses'!E74 -> 5 | W51: ='List of Courses'!F74 -> 125 | X51: ='List of Courses'!G74 -> 2 | Y51: ='List of Courses'!H74 -> 1 | Z51: ='List of Courses'!I74 -> 1 | ... AH51: ='List of Courses'!Q74 -> 1
B52: ='List of Courses'!B59 -> CVL434 | C52: ='List of Courses'!C59 -> Strategic Management in Construction | D52: ='List of Courses'!D59 -> 3 | E52: ='List of Courses'!E59 -> 5 | F52: ='List of Courses'!F59 -> 125 | G52: ='List of Courses'!G59 -> 2 | H52: ='List of Courses'!H59 -> 2 | I52: ='List of Courses'!I59 -> 0 | ... Q52: ='List of Courses'!Q59 -> 0 | S52: ='List of Courses'!B75 -> CVL E4 | T52: ='List of Courses'!C75 -> Major Elective (4) | U52: ='List of Courses'!D75 -> 3 | V52: ='List of Courses'!E75 -> 5 | W52: ='List of Courses'!F75 -> 125 | X52: ='List of Courses'!G75 -> 2 | Y52: ='List of Courses'!H75 -> 1 | Z52: ='List of Courses'!I75 -> 1 | ... AH52: ='List of Courses'!Q75 -> 1
B53: ='List of Courses'!B71 -> MTH E | C53: ='List of Courses'!C71 -> Major Math Elective | D53: ='List of Courses'!D71 -> 3 | E53: ='List of Courses'!E71 -> 5 | F53: ='List of Courses'!F71 -> 125 | G53: ='List of Courses'!G71 -> 2 | H53: ='List of Courses'!H71 -> 2 | I53: ='List of Courses'!I71 -> 0 | ... Q53: ='List of Courses'!Q71 -> 1 | S53: ='List of Courses'!B27 -> INT E2 | T53: ='List of Courses'!C27 -> Sustainable Development Electives | U53: ='List of Courses'!D27 -> 3 | V53: ='List of Courses'!E27 -> 5 | W53: ='List of Courses'!F27 -> 125 | X53: ='List of Courses'!G27 -> 2 | Y53: ='List of Courses'!H27 -> 2 | Z53: ='List of Courses'!I27 -> 0 | ... AG53: ='List of Courses'!P27 -> 0 | AH53: ='List of Courses'!Q71 -> 1
B54: ='List of Courses'!B72 -> CVL E1 | C54: ='List of Courses'!C72 -> Major Elective (1) | D54: ='List of Courses'!D72 -> 3 | E54: ='List of Courses'!E72 -> 5 | F54: ='List of Courses'!F72 -> 125 | G54: ='List of Courses'!G72 -> 2 | H54: ='List of Courses'!H72 -> 1 | I54: ='List of Courses'!I72 -> 1 | ... Q54: ='List of Courses'!Q72 -> 1 | S54: ='List of Courses'!B28 -> EBS111 | T54: ='List of Courses'!C28 -> Selected Topics in Entrepreneurship | U54: ='List of Courses'!D28 -> 3 | V54: ='List of Courses'!E28 -> 5 | W54: ='List of Courses'!F28 -> 125 | X54: ='List of Courses'!G28 -> 2 | Y54: ='List of Courses'!H28 -> 2 | Z54: ='List of Courses'!I28 -> 0 | ... AH54: ='List of Courses'!Q28 -> 0
B55: ='List of Courses'!B68 -> CVL493 | C55: ='List of Courses'!C68 -> Graduation Project I | D55: ='List of Courses'!D68 -> 3 | E55: ='List of Courses'!E68 -> 5 | F55: ='List of Courses'!F68 -> 125 | G55: ='List of Courses'!G68 -> 1 | H55: ='List of Courses'!H68 -> 0 | I55: ='List of Courses'!I68 -> 4 | ... Q55: ='List of Courses'!Q68 -> 0 | S55: ='List of Courses'!B69 -> CVL494 | T55: ='List of Courses'!C69 -> Graduation Project II | U55: ='List of Courses'!D69 -> 3 | V55: ='List of Courses'!E69 -> 5 | W55: ='List of Courses'!F69 -> 125 | X55: ='List of Courses'!G69 -> 1 | Y55: ='List of Courses'!H69 -> 0 | Z55: ='List of Courses'!I69 -> 4 | ... AH55: ='List of Courses'!Q69 -> 0
D57: =SUM(D50:D56) -> 18 | E57: =SUM(E50:E56) -> 30 | F57: =SUM(F50:F56) -> 750 | G57: =SUM(G50:G56) -> 11 | H57: =SUM(H50:H56) -> 9 | I57: =SUM(I50:I56) -> 5 | J57: =SUM(J50:J56) -> 25 | U57: =SUM(U50:U56) -> 18 | V57: =SUM(V50:V56) -> 30 | W57: =SUM(W50:W56) -> 750 | X57: =SUM(X50:X56) -> 11 | Y57: =SUM(Y50:Y56) -> 7 | Z57: =SUM(Z50:Z56) -> 7 | AA57: =SUM(AA50:AA56) -> 25
R59: List of CEM Major Electives | S59: Code | T59: Course Title | U59: Credits and SWL | X59: Contact Hours | AB59: PreReq. | AC59: Univ | AD59: EAS | AE59: Basic Sc. | AF59: Prog | AG59: Major
U60: CH | V60: ECTS | W60: SWL | X60: Lec | Y60: Tut | Z60: Lab | AA60: TT
S61: ='List of Courses'!B48 -> CVL381 | T61: ='List of Courses'!C48 -> Computer Applications in Civil Engineering | U61: ='List of Courses'!D48 -> 3 | V61: ='List of Courses'!E48 -> 5 | W61: ='List of Courses'!F48 -> 125 | X61: ='List of Courses'!G48 -> 2 | Y61: ='List of Courses'!H48 -> 0 | Z61: ='List of Courses'!I48 -> 2 | ... AG61: ='List of Courses'!P48 -> 1
S62: ='List of Courses'!B67 -> CVL481 | T62: ='List of Courses'!C67 -> Advanced Surveying and GIS | U62: ='List of Courses'!D67 -> 3 | V62: ='List of Courses'!E67 -> 5 | W62: ='List of Courses'!F67 -> 125 | X62: ='List of Courses'!G67 -> 1 | Y62: ='List of Courses'!H67 -> 2 | Z62: ='List of Courses'!I67 -> 2 | ... AG62: ='List of Courses'!P67 -> 1
S63: ='List of Courses'!B53 -> CVL413 | T63: ='List of Courses'!C53 -> Repair and Strengthening of Buildings | U63: ='List of Courses'!D53 -> 3 | V63: ='List of Courses'!E53 -> 5 | W63: ='List of Courses'!F53 -> 125 | X63: ='List of Courses'!G53 -> 2 | Y63: ='List of Courses'!H53 -> 2 | Z63: ='List of Courses'!I53 -> 0 | ... AG63: ='List of Courses'!P53 -> 1
S64: ='List of Courses'!B55 -> CVL422 | T64: ='List of Courses'!C55 -> Quality Control of Smart Materials | U64: ='List of Courses'!D55 -> 3 | V64: ='List of Courses'!E55 -> 5 | W64: ='List of Courses'!F55 -> 125 | X64: ='List of Courses'!G55 -> 2 | Y64: ='List of Courses'!H55 -> 2 | Z64: ='List of Courses'!I55 -> 0 | ... AG64: ='List of Courses'!P55 -> 1
S65: ='List of Courses'!B60 -> CVL435 | T65: ='List of Courses'!C60 -> Real Estate & Urban Planning Development | U65: ='List of Courses'!D60 -> 3 | V65: ='List of Courses'!E60 -> 5 | W65: ='List of Courses'!F60 -> 125 | X65: ='List of Courses'!G60 -> 2 | Y65: ='List of Courses'!H60 -> 2 | Z65: ='List of Courses'!I60 -> 0 | ... AG65: ='List of Courses'!P60 -> 1
S66: ='List of Courses'!B61 -> CVL436 | T66: ='List of Courses'!C61 -> Principles of Management & Human Resources | U66: ='List of Courses'!D61 -> 3 | V66: ='List of Courses'!E61 -> 5 | W66: ='List of Courses'!F61 -> 125 | X66: ='List of Courses'!G61 -> 2 | Y66: ='List of Courses'!H61 -> 2 | Z66: ='List of Courses'!I61 -> 0 | ... AG66: ='List of Courses'!P61 -> 1
S67: ='List of Courses'!B62 -> CVL437 | T67: ='List of Courses'!C62 -> Building Information Modeling | U67: ='List of Courses'!D62 -> 3 | V67: ='List of Courses'!E62 -> 5 | W67: ='List of Courses'!F62 -> 125 | X67: ='List of Courses'!G62 -> 1 | Y67: ='List of Courses'!H62 -> 2 | Z67: ='List of Courses'!I62 -> 2 | ... AG67: ='List of Courses'!P62 -> 1
S68: ='List of Courses'!B66 -> CVL462 | T68: ='List of Courses'!C66 -> GIS in Smart Structures and Systems | U68: ='List of Courses'!D66 -> 3 | V68: ='List of Courses'!E66 -> 5 | W68: ='List of Courses'!F66 -> 125 | X68: ='List of Courses'!G66 -> 2 | Y68: ='List of Courses'!H66 -> 2 | Z68: ='List of Courses'!I66 -> 0 | ... AG68: ='List of Courses'!P66 -> 1
S69: ='List of Courses'!B70 -> IND252 | T69: ='List of Courses'!C70 -> Operation Research I | U69: ='List of Courses'!D70 -> 3 | V69: ='List of Courses'!E70 -> 5 | W69: ='List of Courses'!F70 -> 125 | X69: ='List of Courses'!G70 -> 2 | Y69: ='List of Courses'!H70 -> 2 | Z69: ='List of Courses'!I70 -> 0 | ... AG69: ='List of Courses'!P70 -> 1
R72: List of CEM Math Electives | S72: Code | T72: Course Title | U72: Credits and SWL | X72: Contact Hours | AB72: PreReq. | AC72: Univ | AD72: EAS | AE72: Basic Sc. | AF72: Prog | AG72: Major
U73: CH | V73: ECTS | W73: SWL | X73: Lec | Y73: Tut | Z73: Lab | AA73: TT
S74: ='List of Courses'!B16 -> MTH317 | T74: ='List of Courses'!C16 -> Introduction to Mathematical Optimization | U74: ='List of Courses'!D16 -> 3 | V74: ='List of Courses'!E16 -> 5 | W74: ='List of Courses'!F16 -> 125 | X74: ='List of Courses'!G16 -> 2 | Y74: ='List of Courses'!H16 -> 2 | Z74: ='List of Courses'!I16 -> 0 | AA74: ='List of Courses'!J61 -> 4 | AB74: ='List of Courses'!K16 -> MTH214 | AC74: ='List of Courses'!L16 -> 0 | AD74: ='List of Courses'!M16 -> 0 | AE74: ='List of Courses'!N16 -> 0 | AF74: ='List of Courses'!O16 -> 1 | AG74: ='List of Courses'!P16 -> 0
S75: ='List of Courses'!B17 -> MTH318 | T75: ='List of Courses'!C17 -> Advanced Numerical Analysis | U75: ='List of Courses'!D17 -> 3 | V75: ='List of Courses'!E17 -> 5 | W75: ='List of Courses'!F17 -> 125 | X75: ='List of Courses'!G17 -> 2 | Y75: ='List of Courses'!H17 -> 2 | Z75: ='List of Courses'!I17 -> 0 | AA75: ='List of Courses'!J80 -> 0 | AB75: ='List of Courses'!K17 -> MTH112 & MTH113 | AC75: ='List of Courses'!L17 -> 0 | AD75: ='List of Courses'!M17 -> 0 | AE75: ='List of Courses'!N17 -> 0 | AF75: ='List of Courses'!O17 -> 1 | AG75: ='List of Courses'!P17 -> 0
S76: ='List of Courses'!B18 -> MTH319 | T76: ='List of Courses'!C18 -> Advanced Probability and Statistics | U76: ='List of Courses'!D18 -> 3 | V76: ='List of Courses'!E18 -> 5 | W76: ='List of Courses'!F18 -> 125 | X76: ='List of Courses'!G18 -> 2 | Y76: ='List of Courses'!H18 -> 2 | Z76: ='List of Courses'!I18 -> 0 | AA76: ='List of Courses'!J66 -> 4 | AB76: ='List of Courses'!K18 -> MTH216 | AC76: ='List of Courses'!L18 -> 0 | AD76: ='List of Courses'!M18 -> 0 | AE76: ='List of Courses'!N18 -> 0 | AF76: ='List of Courses'!O18 -> 1 | AG76: ='List of Courses'!P18 -> 0

Sheet CCE Major-1 (7 S)
C2: Requirements | D2: Credits and SWL | G2: Contact Hours | K2: TOR CR | L2: TOR % | M2: Actual % | S2: Program "Civil & Construction Engineering - CCE" Major-1 "Construction Engineering & Management" CEM [7-Semesters Study Plan]
D3: CH | E3: ECTS | F3: SWL | G3: Lec | H3: Tut | I3: Lab | J3: TT
C4: University Requirements | D4: {=SUM(SUM(D14:D21*$L14:$L21),SUM(U14:U21*$AC14:$AC21), SUM(D26:D33*$L26:$L33), SUM(U26:U33*$AC26:$AC33), SUM(D38:D45*$L38:$L45), SUM(U38:U45*$AC38:$AC45),SUM(D50:D56*$L50:$L56), SUM(U50:U56*$AC50:$AC56))} -> 12 | E4: {=SUM(SUM(E14:E21*$L14:$L21),SUM(V14:V21*$AC14:$AC21), SUM(E26:E33*$L26:$L33), SUM(V26:V33*$AC26:$AC33), SUM(E38:E45*$L38:$L45), SUM(V38:V45*$AC38:$AC45),SUM(E50:E56*$L50:$L56), SUM(V50:V56*$AC50:$AC56))} -> 20 | F4: {=SUM(SUM(F14:F21*$L14:$L21),SUM(W14:W21*$AC14:$AC21), SUM(F26:F33*$L26:$L33), SUM(W26:W33*$AC26:$AC33), SUM(F38:F45*$L38:$L45), SUM(W38:W45*$AC38:$AC45),SUM(F50:F56*$L50:$L56), SUM(W50:W56*$AC50:$AC56))} -> 500 | G4: {=SUM(SUM(G14:G21*$L14:$L21),SUM(X14:X21*$AC14:$AC21), SUM(G26:G33*$L26:$L33), SUM(X26:X33*$AC26:$AC33), SUM(G38:G45*$L38:$L45), SUM(X38:X45*$AC38:$AC45),SUM(G50:G56*$L50:$L56), SUM(X50:X56*$AC50:$AC56))} -> 10 | H4: {=SUM(SUM(H14:H21*$L14:$L21),SUM(Y14:Y21*$AC14:$AC21), SUM(H26:H33*$L26:$L33), SUM(Y26:Y33*$AC26:$AC33), SUM(H38:H45*$L38:$L45), SUM(Y38:Y45*$AC38:$AC45),SUM(H50:H56*$L50:$L56), SUM(Y50:Y56*$AC50:$AC56))} -> 2 | I4: {=SUM(SUM(I14:I21*$L14:$L21),SUM(Z14:Z21*$AC14:$AC21), SUM(I26:I33*$L26:$L33), SUM(Z26:Z33*$AC26:$AC33), SUM(I38:I45*$L38:$L45), SUM(Z38:Z45*$AC38:$AC45),SUM(I50:I56*$L50:$L56), SUM(Z50:Z56*$AC50:$AC56))} -> 2 | J4: {=SUM(SUM(J14:J21*$L14:$L21),SUM(AA14:AA21*$AC14:$AC21), SUM(J26:J33*$L26:$L33), SUM(AA26:AA33*$AC26:$AC33), SUM(J38:J45*$L38:$L45), SUM(AA38:AA45*$AC38:$AC45),SUM(J50:J56*$L50:$L56), SUM(AA50:AA56*$AC50:$AC56))} -> 14 | K4: 12 (Min.) | L4: 0.08 | M4: =D4/$D$10 -> 0.083333333
C5: Faculty of Engineering Requirements | D5: {=SUM(SUM(D14:D21*$M14:$M21),SUM(U14:U21*$AD14:$AD21), SUM(D26:D33*$M26:$M33), SUM(U26:U33*$AD26:$AD33), SUM(D38:D45*$M38:$M45), SUM(U38:U45*$AD38:$AD45),SUM(D50:D56*$M50:$M56), SUM(U50:U56*$AD50:$AD56))} -> 30 | E5: {=SUM(SUM(E14:E21*$M14:$M21),SUM(V14:V21*$AD14:$AD21), SUM(E26:E33*$M26:$M33), SUM(V26:V33*$AD26:$AD33), SUM(E38:E45*$M38:$M45), SUM(V38:V45*$AD38:$AD45),SUM(E50:E56*$M50:$M56), SUM(V50:V56*$AD50:$AD56))} -> 50 | F5: {=SUM(SUM(F14:F21*$M14:$M21),SUM(W14:W21*$AD14:$AD21), SUM(F26:F33*$M26:$M33), SUM(W26:W33*$AD26:$AD33), SUM(F38:F45*$M38:$M45), SUM(W38:W45*$AD38:$AD45),SUM(F50:F56*$M50:$M56), SUM(W50:W56*$AD50:$AD56))} -> 1250 | G5: {=SUM(SUM(G14:G21*$M14:$M21),SUM(X14:X21*$AD14:$AD21), SUM(G26:G33*$M26:$M33), SUM(X26:X33*$AD26:$AD33), SUM(G38:G45*$M38:$M45), SUM(X38:X45*$AD38:$AD45),SUM(G50:G56*$M50:$M56), SUM(X50:X56*$AD50:$AD56))} -> 20 | H5: {=SUM(SUM(H14:H21*$M14:$M21),SUM(Y14:Y21*$AD14:$AD21), SUM(H26:H33*$M26:$M33), SUM(Y26:Y33*$AD26:$AD33), SUM(H38:H45*$M38:$M45), SUM(Y38:Y45*$AD38:$AD45),SUM(H50:H56*$M50:$M56), SUM(Y50:Y56*$AD50:$AD56))} -> 16 | I5: {=SUM(SUM(I14:I21*$M14:$M21),SUM(Z14:Z21*$AD14:$AD21), SUM(I26:I33*$M26:$M33), SUM(Z26:Z33*$AD26:$AD33), SUM(I38:I45*$M38:$M45), SUM(Z38:Z45*$AD38:$AD45),SUM(I50:I56*$M50:$M56), SUM(Z50:Z56*$AD50:$AD56))} -> 5 | J5: {=SUM(SUM(J14:J21*$M14:$M21),SUM(AA14:AA21*$AD14:$AD21), SUM(J26:J33*$M26:$M33), SUM(AA26:AA33*$AD26:$AD33), SUM(J38:J45*$M38:$M45), SUM(AA38:AA45*$AD38:$AD45),SUM(J50:J56*$M50:$M56), SUM(AA50:AA56*$AD50:$AD56))} -> 41 | K5: 29 (Min.) | L5: 0.2 | M5: =D5/$D$10 -> 0.20833333
C6: Basic Sciences Requirements | D6: {=SUM(SUM(D14:D21*$N14:$N21),SUM(U14:U21*$AE14:$AE21), SUM(D26:D33*$N26:$N33), SUM(U26:U33*$AE26:$AE33), SUM(D38:D45*$N38:$N45), SUM(U38:U45*$AE38:$AE45),SUM(D50:D56*$N50:$N56), SUM(U50:U56*$AE50:$AE56))} -> 27 | E6: {=SUM(SUM(E14:E21*$N14:$N21),SUM(V14:V21*$AE14:$AE21), SUM(E26:E33*$N26:$N33), SUM(V26:V33*$AE26:$AE33), SUM(E38:E45*$N38:$N45), SUM(V38:V45*$AE38:$AE45),SUM(E50:E56*$N50:$N56), SUM(V50:V56*$AE50:$AE56))} -> 45 | F6: {=SUM(SUM(F14:F21*$N14:$N21),SUM(W14:W21*$AE14:$AE21), SUM(F26:F33*$N26:$N33), SUM(W26:W33*$AE26:$AE33), SUM(F38:F45*$N38:$N45), SUM(W38:W45*$AE38:$AE45),SUM(F50:F56*$N50:$N56), SUM(W50:W56*$AE50:$AE56))} -> 1125 | G6: {=SUM(SUM(G14:G21*$N14:$N21),SUM(X14:X21*$AE14:$AE21), SUM(G26:G33*$N26:$N33), SUM(X26:X33*$AE26:$AE33), SUM(G38:G45*$N38:$N45), SUM(X38:X45*$AE38:$AE45),SUM(G50:G56*$N50:$N56), SUM(X50:X56*$AE50:$AE56))} -> 18 | H6: {=SUM(SUM(H14:H21*$N14:$N21),SUM(Y14:Y21*$AE14:$AE21), SUM(H26:H33*$N26:$N33), SUM(Y26:Y33*$AE26:$AE33), SUM(H38:H45*$N38:$N45), SUM(Y38:Y45*$AE38:$AE45),SUM(H50:H56*$N50:$N56), SUM(Y50:Y56*$AE50:$AE56))} -> 17 | I6: {=SUM(SUM(I14:I21*$N14:$N21),SUM(Z14:Z21*$AE14:$AE21), SUM(I26:I33*$N26:$N33), SUM(Z26:Z33*$AE26:$AE33), SUM(I38:I45*$N38:$N45), SUM(Z38:Z45*$AE38:$AE45),SUM(I50:I56*$N50:$N56), SUM(Z50:Z56*$AE50:$AE56))} -> 2 | J6: {=SUM(SUM(J14:J21*$N14:$N21),SUM(AA14:AA21*$AE14:$AE21), SUM(J26:J33*$N26:$N33), SUM(AA26:AA33*$AE26:$AE33), SUM(J38:J45*$N38:$N45), SUM(AA38:AA45*$AE38:$AE45),SUM(J50:J56*$N50:$N56), SUM(AA50:AA56*$AE50:$AE56))} -> 37 | K6: 24 (Min.) | L6: 0.17 | M6: =D6/$D$10 -> 0.1875
C7: Program Requirements | D7: {=SUM(SUM(D14:D21*$O14:$O21),SUM(U14:U21*$AF14:$AF21), SUM(D26:D33*$O26:$O33), SUM(U26:U33*$AF26:$AF33), SUM(D38:D45*$O38:$O45), SUM(U38:U45*$AF38:$AF45),SUM(D50:D56*$O50:$O56), SUM(U50:U56*$AF50:$AF56))} -> 66 | E7: {=SUM(SUM(E14:E21*$O14:$O21),SUM(V14:V21*$AF14:$AF21), SUM(E26:E33*$O26:$O33), SUM(V26:V33*$AF26:$AF33), SUM(E38:E45*$O38:$O45), SUM(V38:V45*$AF38:$AF45),SUM(E50:E56*$O50:$O56), SUM(V50:V56*$AF50:$AF56))} -> 110 | F7: {=SUM(SUM(F14:F21*$O14:$O21),SUM(W14:W21*$AF14:$AF21), SUM(F26:F33*$O26:$O33), SUM(W26:W33*$AF26:$AF33), SUM(F38:F45*$O38:$O45), SUM(W38:W45*$AF38:$AF45),SUM(F50:F56*$O50:$O56), SUM(W50:W56*$AF50:$AF56))} -> 2750 | G7: {=SUM(SUM(G14:G21*$O14:$O21),SUM(X14:X21*$AF14:$AF21), SUM(G26:G33*$O26:$O33), SUM(X26:X33*$AF26:$AF33), SUM(G38:G45*$O38:$O45), SUM(X38:X45*$AF38:$AF45),SUM(G50:G56*$O50:$O56), SUM(X50:X56*$AF50:$AF56))} -> 40 | H7: {=SUM(SUM(H14:H21*$O14:$O21),SUM(Y14:Y21*$AF14:$AF21), SUM(H26:H33*$O26:$O33), SUM(Y26:Y33*$AF26:$AF33), SUM(H38:H45*$O38:$O45), SUM(Y38:Y45*$AF38:$AF45),SUM(H50:H56*$O50:$O56), SUM(Y50:Y56*$AF50:$AF56))} -> 33 | I7: {=SUM(SUM(I14:I21*$O14:$O21),SUM(Z14:Z21*$AF14:$AF21), SUM(I26:I33*$O26:$O33), SUM(Z26:Z33*$AF26:$AF33), SUM(I38:I45*$O38:$O45), SUM(Z38:Z45*$AF38:$AF45),SUM(I50:I56*$O50:$O56), SUM(Z50:Z56*$AF50:$AF56))} -> 19 | J7: {=SUM(SUM(J14:J21*$O14:$O21),SUM(AA14:AA21*$AF14:$AF21), SUM(J26:J33*$O26:$O33), SUM(AA26:AA33*$AF26:$AF33), SUM(J38:J45*$O38:$O45), SUM(AA38:AA45*$AF38:$AF45),SUM(J50:J56*$O50:$O56), SUM(AA50:AA56*$AF50:$AF56))} -> 92 | K7: 50 (Min.) | L7: 0.35 | M7: =D7/$D$10 -> 0.45833333
C8: Major Requirements (Specialization) | D8: {=SUM(SUM(D14:D21*$P14:$P21),SUM(U14:U21*$AG14:$AG21), SUM(D26:D33*$P26:$P33), SUM(U26:U33*$AG26:$AG33), SUM(D38:D45*$P38:$P45), SUM(U38:U45*$AG38:$AG45),SUM(D50:D56*$P50:$P56), SUM(U50:U56*$AG50:$AG56))} -> 36 | E8: {=SUM(SUM(E14:E21*$P14:$P21),SUM(V14:V21*$AG14:$AG21), SUM(E26:E33*$P26:$P33), SUM(V26:V33*$AG26:$AG33), SUM(E38:E45*$P38:$P45), SUM(V38:V45*$AG38:$AG45),SUM(E50:E56*$P50:$P56), SUM(V50:V56*$AG50:$AG56))} -> 60 | F8: {=SUM(SUM(F14:F21*$P14:$P21),SUM(W14:W21*$AG14:$AG21), SUM(F26:F33*$P26:$P33), SUM(W26:W33*$AG26:$AG33), SUM(F38:F45*$P38:$P45), SUM(W38:W45*$AG38:$AG45),SUM(F50:F56*$P50:$P56), SUM(W50:W56*$AG50:$AG56))} -> 1500 | G8: {=SUM(SUM(G14:G21*$P14:$P21),SUM(X14:X21*$AG14:$AG21), SUM(G26:G33*$P26:$P33), SUM(X26:X33*$AG26:$AG33), SUM(G38:G45*$P38:$P45), SUM(X38:X45*$AG38:$AG45),SUM(G50:G56*$P50:$P56), SUM(X50:X56*$AG50:$AG56))} -> 24 | H8: {=SUM(SUM(H14:H21*$P14:$P21),SUM(Y14:Y21*$AG14:$AG21), SUM(H26:H33*$P26:$P33), SUM(Y26:Y33*$AG26:$AG33), SUM(H38:H45*$P38:$P45), SUM(Y38:Y45*$AG38:$AG45),SUM(H50:H56*$P50:$P56), SUM(Y50:Y56*$AG50:$AG56))} -> 19 | I8: {=SUM(SUM(I14:I21*$P14:$P21),SUM(Z14:Z21*$AG14:$AG21), SUM(I26:I33*$P26:$P33), SUM(Z26:Z33*$AG26:$AG33), SUM(I38:I45*$P38:$P45), SUM(Z38:Z45*$AG38:$AG45),SUM(I50:I56*$P50:$P56), SUM(Z50:Z56*$AG50:$AG56))} -> 5 | J8: {=SUM(SUM(J14:J21*$P14:$P21),SUM(AA14:AA21*$AG14:$AG21), SUM(J26:J33*$P26:$P33), SUM(AA26:AA33*$AG26:$AG33), SUM(J38:J45*$P38:$P45), SUM(AA38:AA45*$AG38:$AG45),SUM(J50:J56*$P50:$P56), SUM(AA50:AA56*$AG50:$AG56))} -> 48 | K8: 43 (Max.) | L8: 0.3 | M8: =D8/$D$10 -> 0.25 | O8: =M4+M5+M7+M8 -> 1
C9: Electives | D9: {=SUM(SUM(D14:D21*$Q14:$Q21),SUM(U14:U21*$AH14:$AH21), SUM(D26:D33*$Q26:$Q33), SUM(U26:U33*$AH26:$AH33), SUM(D38:D45*$Q38:$Q45), SUM(U38:U45*$AH38:$AH45),SUM(D50:D56*$Q50:$Q56), SUM(U50:U56*$AH50:$AH56))} -> 24 | E9: {=SUM(SUM(E14:E21*$Q14:$Q21),SUM(V14:V21*$AH14:$AH21), SUM(E26:E33*$Q26:$Q33), SUM(V26:V33*$AH26:$AH33), SUM(E38:E45*$Q38:$Q45), SUM(V38:V45*$AH38:$AH45),SUM(E50:E56*$Q50:$Q56), SUM(V50:V56*$AH50:$AH56))} -> 40 | F9: {=SUM(SUM(F14:F21*$Q14:$Q21),SUM(W14:W21*$AH14:$AH21), SUM(F26:F33*$Q26:$Q33), SUM(W26:W33*$AH26:$AH33), SUM(F38:F45*$Q38:$Q45), SUM(W38:W45*$AH38:$AH45),SUM(F50:F56*$Q50:$Q56), SUM(W50:W56*$AH50:$AH56))} -> 1000 | G9: {=SUM(SUM(G14:G21*$Q14:$Q21),SUM(X14:X21*$AH14:$AH21), SUM(G26:G33*$Q26:$Q33), SUM(X26:X33*$AH26:$AH33), SUM(G38:G45*$Q38:$Q45), SUM(X38:X45*$AH38:$AH45),SUM(G50:G56*$Q50:$Q56), SUM(X50:X56*$AH50:$AH56))} -> 17 | H9: {=SUM(SUM(H14:H21*$Q14:$Q21),SUM(Y14:Y21*$AH14:$AH21), SUM(H26:H33*$Q26:$Q33), SUM(Y26:Y33*$AH26:$AH33), SUM(H38:H45*$Q38:$Q45), SUM(Y38:Y45*$AH38:$AH45),SUM(H50:H56*$Q50:$Q56), SUM(Y50:Y56*$AH50:$AH56))} -> 10 | I9: {=SUM(SUM(I14:I21*$Q14:$Q21),SUM(Z14:Z21*$AH14:$AH21), SUM(I26:I33*$Q26:$Q33), SUM(Z26:Z33*$AH26:$AH33), SUM(I38:I45*$Q38:$Q45), SUM(Z38:Z45*$AH38:$AH45),SUM(I50:I56*$Q50:$Q56), SUM(Z50:Z56*$AH50:$AH56))} -> 4 | J9: {=SUM(SUM(J14:J21*$Q14:$Q21),SUM(AA14:AA21*$AH14:$AH21), SUM(J26:J33*$Q26:$Q33), SUM(AA26:AA33*$AH26:$AH33), SUM(J38:J45*$Q38:$Q45), SUM(AA38:AA45*$AH38:$AH45),SUM(J50:J56*$Q50:$Q56), SUM(AA50:AA56*$AH50:$AH56))} -> 31 | K9: 22 (Min.) | L9: 0.15 | M9: =D9/$D$10 -> 0.16666667
C10: Totals | D10: =D22+U22+D34+U34+D46+U46+D57+U57 -> 144 | E10: =E22+V22+E34+V34+E46+V46+E57+V57 -> 240 | F10: =F22+W22+F34+W34+F46+W46+F57+W57 -> 6000 | G10: =G22+X22+G34+X34+G46+X46+G57+X57 -> 94 | H10: =H22+Y22+H34+Y34+H46+Y46+H57+Y57 -> 70 | I10: =I22+Z22+I34+Z34+I46+Z46+I57+Z57 -> 31 | J10: =J22+AA22+J34+AA34+J46+AA46+J57+AA57 -> 195
A12: Fall Y1 | B12: Code | C12: Course Title | D12: Credits and SWL | G12: Contact Hours | K12: PreReq. | L12: Univ | M12: EAS | N12: Basic Sc. | O12: Prog | P12: Major | Q12: Elec | R12: Spring Y1 | S12: Code | T12: Course Title | U12: Credits and SWL | X12: Contact Hours | AB12: PreReq. | AC12: Univ | AD12: EAS | AE12: Basic Sc. | AF12: Prog | AG12: Major | AH12: Elec
D13: CH | E13: ECTS | F13: SWL | G13: Lec | H13: Tut | I13: Lab | J13: TT | U13: CH | V13: ECTS | W13: SWL | X13: Lec | Y13: Tut | Z13: Lab | AA13: TT
B14: ='List of Courses'!B4 -> EGL111 | C14: ='List of Courses'!C4 -> English I | D14: ='List of Courses'!D4 -> 0 | E14: ='List of Courses'!E4 -> 0 | F14: ='List of Courses'!F4 -> 0 | G14: ='List of Courses'!G4 -> 0 | H14: ='List of Courses'!H4 -> 0 | I14: ='List of Courses'!I4 -> 0 | ... Q14: ='List of Courses'!Q4 -> 0 | S14: ='List of Courses'!B5 -> EGL112 | T14: ='List of Courses'!C5 -> English II | U14: ='List of Courses'!D5 -> 0 | V14: ='List of Courses'!E5 -> 0 | W14: ='List of Courses'!F5 -> 0 | X14: ='List of Courses'!G5 -> 0 | Y14: ='List of Courses'!H5 -> 0 | Z14: ='List of Courses'!I5 -> 0 | ... AH14: ='List of Courses'!Q5 -> 0
B15: ='List of Courses'!B8 -> CSC111 | C15: ='List of Courses'!C8 -> Computer and Information Skills | D15: ='List of Courses'!D8 -> 3 | E15: ='List of Courses'!E8 -> 5 | F15: ='List of Courses'!F8 -> 125 | G15: ='List of Courses'!G8 -> 1 | H15: ='List of Courses'!H8 -> 2 | I15: ='List of Courses'!I8 -> 2 | ... Q15: ='List of Courses'!Q8 -> 0 | S15: ='List of Courses'!B9 -> HUM E1 | T15: ='List of Courses'!C9 -> Humanities and Social Sciences Electives | U15: ='List of Courses'!D9 -> 3 | V15: ='List of Courses'!E9 -> 5 | W15: ='List of Courses'!F9 -> 125 | X15: ='List of Courses'!G9 -> 3 | Y15: ='List of Courses'!H9 -> 0 | Z15: ='List of Courses'!I9 -> 0 | ... AH15: ='List of Courses'!Q9 -> 1
B16: ='List of Courses'!B10 -> MTH111 | C16: ='List of Courses'!C10 -> Analytical Geometry and Calculus I | D16: ='List of Courses'!D10 -> 3 | E16: ='List of Courses'!E10 -> 5 | F16: ='List of Courses'!F10 -> 125 | G16: ='List of Courses'!G10 -> 2 | H16: ='List of Courses'!H10 -> 2 | I16: ='List of Courses'!I10 -> 0 | ... Q16: ='List of Courses'!Q10 -> 0 | S16: ='List of Courses'!B11 -> MTH112 | T16: ='List of Courses'!C11 -> Calculus II | U16: ='List of Courses'!D11 -> 3 | V16: ='List of Courses'!E11 -> 5 | W16: ='List of Courses'!F11 -> 125 | X16: ='List of Courses'!G11 -> 2 | Y16: ='List of Courses'!H11 -> 2 | Z16: ='List of Courses'!I11 -> 0 | ... AH16: ='List of Courses'!Q11 -> 0
B17: ='List of Courses'!B20 -> PHY111 | C17: ='List of Courses'!C20 -> Physics I | D17: ='List of Courses'!D20 -> 3 | E17: ='List of Courses'!E20 -> 5 | F17: ='List of Courses'!F20 -> 125 | G17: ='List of Courses'!G20 -> 2 | H17: ='List of Courses'!H20 -> 2 | I17: ='List of Courses'!I20 -> 1 | ... Q17: ='List of Courses'!Q20 -> 0 | S17: ='List of Courses'!B12 -> MTH113 | T17: ='List of Courses'!C12 -> Probability and Statistics | U17: ='List of Courses'!D12 -> 3 | V17: ='List of Courses'!E12 -> 5 | W17: ='List of Courses'!F12 -> 125 | X17: ='List of Courses'!G12 -> 2 | Y17: ='List of Courses'!H12 -> 2 | Z17: ='List of Courses'!I12 -> 0 | ... AH17: ='List of Courses'!Q12 -> 0
B18: ='List of Courses'!B23 -> MEC111 | C18: ='List of Courses'!C23 -> Engineering Mechanics I - Statics | D18: ='List of Courses'!D23 -> 3 | E18: ='List of Courses'!E23 -> 5 | F18: ='List of Courses'!F23 -> 125 | G18: ='List of Courses'!G23 -> 2 | H18: ='List of Courses'!H23 -> 2 | I18: ='List of Courses'!I23 -> 0 | ... Q18: ='List of Courses'!Q23 -> 0 | S18: ='List of Courses'!B22 -> CHM111 | T18: ='List of Courses'!C22 -> Chemistry Principles | U18: ='List of Courses'!D22 -> 3 | V18: ='List of Courses'!E22 -> 5 | W18: ='List of Courses'!F22 -> 125 | X18: ='List of Courses'!G22 -> 2 | Y18: ='List of Courses'!H22 -> 1 | Z18: ='List of Courses'!I22 -> 1 | ... AH18: ='List of Courses'!Q22 -> 0
B19: ='List of Courses'!B25 -> INT121 | C19: ='List of Courses'!C25 -> Engineering Drawing | D19: ='List of Courses'!D25 -> 3 | E19: ='List of Courses'!E25 -> 5 | F19: ='List of Courses'!F25 -> 125 | G19: ='List of Courses'!G25 -> 2 | H19: ='List of Courses'!H25 -> 0 | I19: ='List of Courses'!I25 -> 2 | ... Q19: ='List of Courses'!Q25 -> 0 | S19: ='List of Courses'!B29 -> ECE151 | T19: ='List of Courses'!C29 -> Introduction to Programming | U19: ='List of Courses'!D29 -> 3 | V19: ='List of Courses'!E29 -> 5 | W19: ='List of Courses'!F29 -> 125 | X19: ='List of Courses'!G29 -> 2 | Y19: ='List of Courses'!H29 -> 0 | Z19: ='List of Courses'!I29 -> 2 | ... AH19: ='List of Courses'!Q29 -> 0
B20: ='List of Courses'!B26 -> INT E1 | C20: ='List of Courses'!C26 -> Engineering History Electives | D20: ='List of Courses'!D26 -> 3 | E20: ='List of Courses'!E26 -> 5 | F20: ='List of Courses'!F26 -> 125 | G20: ='List of Courses'!G26 -> 2 | H20: ='List of Courses'!H26 -> 2 | I20: ='List of Courses'!I26 -> 0 | ... Q20: ='List of Courses'!Q26 -> 1 | S20: ='List of Courses'!B30 -> CVL211 | T20: ='List of Courses'!C30 -> Structural Analysis-1 | U20: ='List of Courses'!D30 -> 3 | V20: ='List of Courses'!E30 -> 5 | W20: ='List of Courses'!F30 -> 125 | X20: ='List of Courses'!G30 -> 2 | Y20: ='List of Courses'!H30 -> 2 | Z20: ='List of Courses'!I30 -> 0 | ... AH20: ='List of Courses'!Q30 -> 0
S21: ='List of Courses'!B33 -> CVL231 | T21: ='List of Courses'!C33 -> Construction Project Management | U21: ='List of Courses'!D33 -> 3 | V21: ='List of Courses'!E33 -> 5 | W21: ='List of Courses'!F33 -> 125 | X21: ='List of Courses'!G33 -> 2 | Y21: ='List of Courses'!H33 -> 2 | Z21: ='List of Courses'!I33 -> 0 | ... AH21: ='List of Courses'!Q33 -> 0
D22: =SUM(D14:D21) -> 18 | E22: =SUM(E14:E21) -> 30 | F22: =SUM(F14:F21) -> 750 | G22: =SUM(G14:G21) -> 11 | H22: =SUM(H14:H21) -> 10 | I22: =SUM(I14:I21) -> 5 | J22: =SUM(J14:J21) -> 26 | U22: =SUM(U14:U21) -> 21 | V22: =SUM(V14:V21) -> 35 | W22: =SUM(W14:W21) -> 875 | X22: =SUM(X14:X21) -> 15 | Y22: =SUM(Y14:Y21) -> 9 | Z22: =SUM(Z14:Z21) -> 3 | AA22: =SUM(AA14:AA21) -> 27
A24: Fall Y2 | B24: Code | C24: Course Title | D24: Credits and SWL | G24: Contact Hours | K24: PreReq. | L24: Univ | M24: EAS | N24: Basic Sc. | O24: Prog | P24: Major | Q24: Elec | R24: Spring Y2 | S24: Code | T24: Course Title | U24: Credits and SWL | X24: Contact Hours | AB24: PreReq. | AC24: Univ | AD24: EAS | AE24: Basic Sc. | AF24: Prog | AG24: Major | AH24: Elec
D25: CH | E25: ECTS | F25: SWL | G25: Lec | H25: Tut | I25: Lab | J25: TT | U25: CH | V25: ECTS | W25: SWL | X25: Lec | Y25: Tut | Z25: Lab | AA25: TT
B26: ='List of Courses'!B6 -> EGL213 | C26: ='List of Courses'!C6 -> Writing Skills | D26: ='List of Courses'!D6 -> 3 | E26: ='List of Courses'!E6 -> 5 | F26: ='List of Courses'!F6 -> 125 | G26: ='List of Courses'!G6 -> 3 | H26: ='List of Courses'!H6 -> 0 | I26: ='List of Courses'!I6 -> 0 | ... Q26: ='List of Courses'!Q6 -> 0 | S26: ='List of Courses'!B7 -> EGL214 | T26: ='List of Courses'!C7 -> Communication and Presentation Skills | U26: ='List of Courses'!D7 -> 3 | V26: ='List of Courses'!E7 -> 5 | W26: ='List of Courses'!F7 -> 125 | X26: ='List of Courses'!G7 -> 3 | Y26: ='List of Courses'!H7 -> 0 | Z26: ='List of Courses'!I7 -> 0 | ... AH26: ='List of Courses'!Q7 -> 0
B27: ='List of Courses'!B13 -> MTH214 | C27: ='List of Courses'!C13 -> Linear Algebra & Introduction to Machine Learning | D27: ='List of Courses'!D13 -> 3 | E27: ='List of Courses'!E13 -> 5 | F27: ='List of Courses'!F13 -> 125 | G27: ='List of Courses'!G13 -> 2 | H27: ='List of Courses'!H13 -> 2 | I27: ='List of Courses'!I13 -> 0 | ... Q27: ='List of Courses'!Q13 -> 0 | S27: ='List of Courses'!B14 -> MTH215 | T27: ='List of Courses'!C14 -> Differential Equations | U27: ='List of Courses'!D14 -> 3 | V27: ='List of Courses'!E14 -> 5 | W27: ='List of Courses'!F14 -> 125 | X27: ='List of Courses'!G14 -> 2 | Y27: ='List of Courses'!H14 -> 2 | Z27: ='List of Courses'!I14 -> 0 | ... AH27: ='List of Courses'!Q14 -> 0
B28: ='List of Courses'!B34 -> CVL281 | C28: ='List of Courses'!C34 -> Introduction to Surveying | D28: ='List of Courses'!D34 -> 3 | E28: ='List of Courses'!E34 -> 5 | F28: ='List of Courses'!F34 -> 125 | G28: ='List of Courses'!G34 -> 1 | H28: ='List of Courses'!H34 -> 2 | I28: ='List of Courses'!I34 -> 2 | ... Q28: ='List of Courses'!Q34 -> 0 | S28: ='List of Courses'!B36 -> CVL311 | T28: ='List of Courses'!C36 -> Reinforced Concrete Design-1 | U28: ='List of Courses'!D36 -> 3 | V28: ='List of Courses'!E36 -> 5 | W28: ='List of Courses'!F36 -> 125 | X28: ='List of Courses'!G36 -> 2 | Y28: ='List of Courses'!H36 -> 2 | Z28: ='List of Courses'!I36 -> 0 | ... AH28: ='List of Courses'!Q36 -> 0
B29: ='List of Courses'!B35 -> CVL282 | C29: ='List of Courses'!C35 -> Civil Engineering Drafting | D29: ='List of Courses'!D35 -> 3 | E29: ='List of Courses'!E35 -> 5 | F29: ='List of Courses'!F35 -> 125 | G29: ='List of Courses'!G35 -> 1 | H29: ='List of Courses'!H35 -> 2 | I29: ='List of Courses'!I35 -> 2 | ... Q29: ='List of Courses'!Q35 -> 0 | S29: ='List of Courses'!B40 -> CVL315 | T29: ='List of Courses'!C40 -> Structural Steel Design | U29: ='List of Courses'!D40 -> 3 | V29: ='List of Courses'!E40 -> 5 | W29: ='List of Courses'!F40 -> 125 | X29: ='List of Courses'!G40 -> 2 | Y29: ='List of Courses'!H40 -> 2 | Z29: ='List of Courses'!I40 -> 0 | ... AH29: ='List of Courses'!Q40 -> 0
B30: ='List of Courses'!B31 -> CVL212 | C30: ='List of Courses'!C31 -> Structural Analysis-2 | D30: ='List of Courses'!D31 -> 3 | E30: ='List of Courses'!E31 -> 5 | F30: ='List of Courses'!F31 -> 125 | G30: ='List of Courses'!G31 -> 2 | H30: ='List of Courses'!H31 -> 2 | I30: ='List of Courses'!I31 -> 0 | ... Q30: ='List of Courses'!Q31 -> 0 | S30: ='List of Courses'!B41 -> CVL321 | T30: ='List of Courses'!C41 -> Engineering Materials-2 | U30: ='List of Courses'!D41 -> 3 | V30: ='List of Courses'!E41 -> 5 | W30: ='List of Courses'!F41 -> 125 | X30: ='List of Courses'!G41 -> 2 | Y30: ='List of Courses'!H41 -> 1 | Z30: ='List of Courses'!I41 -> 1 | ... AH30: ='List of Courses'!Q41 -> 0
B31: ='List of Courses'!B32 -> CVL221 | C31: ='List of Courses'!C32 -> Engineering Materials-1 | D31: ='List of Courses'!D32 -> 3 | E31: ='List of Courses'!E32 -> 5 | F31: ='List of Courses'!F32 -> 125 | G31: ='List of Courses'!G32 -> 2 | H31: ='List of Courses'!H32 -> 1 | I31: ='List of Courses'!I32 -> 1 | ... Q31: ='List of Courses'!Q32 -> 0 | S31: ='List of Courses'!B42 -> CVL331 | T31: ='List of Courses'!C42 -> Construction Engineering & Methods | U31: ='List of Courses'!D42 -> 3 | V31: ='List of Courses'!E42 -> 5 | W31: ='List of Courses'!F42 -> 125 | X31: ='List of Courses'!G42 -> 2 | Y31: ='List of Courses'!H42 -> 2 | Z31: ='List of Courses'!I42 -> 0 | ... AH31: ='List of Courses'!Q42 -> 0
B32: ='List of Courses'!B43 -> CVL332 | C32: ='List of Courses'!C43 -> Quantity Surveying, Estimation and Specifications | D32: ='List of Courses'!D43 -> 3 | E32: ='List of Courses'!E43 -> 5 | F32: ='List of Courses'!F43 -> 125 | G32: ='List of Courses'!G43 -> 2 | H32: ='List of Courses'!H43 -> 2 | I32: ='List of Courses'!I43 -> 0 | ... Q32: ='List of Courses'!Q43 -> 0 | S32: ='List of Courses'!B45 -> CVL334 | T32: ='List of Courses'!C45 -> Construction Planning & Scheduling | U32: ='List of Courses'!D45 -> 3 | V32: ='List of Courses'!E45 -> 5 | W32: ='List of Courses'!F45 -> 125 | X32: ='List of Courses'!G45 -> 2 | Y32: ='List of Courses'!H45 -> 1 | Z32: ='List of Courses'!I45 -> 1 | ... AH32: ='List of Courses'!Q45 -> 0
S33: ='List of Courses'!B49 -> CVL391 | T33: ='List of Courses'!C49 -> Practical Training-1 | U33: ='List of Courses'!D49 -> 0 | V33: ='List of Courses'!E49 -> 0 | W33: ='List of Courses'!F49 -> 0 | X33: ='List of Courses'!G49 -> 0 | Y33: ='List of Courses'!H49 -> 0 | Z33: ='List of Courses'!I49 -> 0 | ... AH33: ='List of Courses'!Q49 -> 0
D34: =SUM(D26:D33) -> 21 | E34: =SUM(E26:E33) -> 35 | F34: =SUM(F26:F33) -> 875 | G34: =SUM(G26:G33) -> 13 | H34: =SUM(H26:H33) -> 11 | I34: =SUM(I26:I33) -> 5 | J34: =SUM(J26:J33) -> 29 | U34: =SUM(U26:U33) -> 21 | V34: =SUM(V26:V33) -> 35 | W34: =SUM(W26:W33) -> 875 | X34: =SUM(X26:X33) -> 15 | Y34: =SUM(Y26:Y33) -> 10 | Z34: =SUM(Z26:Z33) -> 2 | AA34: =SUM(AA26:AA33) -> 27
A36: Fall Y3 | B36: Code | C36: Course Title | D36: Credits and SWL | G36: Contact Hours | K36: PreReq. | L36: Univ | M36: EAS | N36: Basic Sc. | O36: Prog | P36: Major | Q36: Elec | R36: Spring Y3 | S36: Code | T36: Course Title | U36: Credits and SWL | X36: Contact Hours | AB36: PreReq. | AC36: Univ | AD36: EAS | AE36: Basic Sc. | AF36: Prog | AG36: Major | AH36: Elec
D37: CH | E37: ECTS | F37: SWL | G37: Lec | H37: Tut | I37: Lab | J37: TT | U37: CH | V37: ECTS | W37: SWL | X37: Lec | Y37: Tut | Z37: Lab | AA37: TT
B38: ='List of Courses'!B15 -> MTH216 | C38: ='List of Courses'!C15 -> Numerical Methods | D38: ='List of Courses'!D15 -> 3 | E38: ='List of Courses'!E15 -> 5 | F38: ='List of Courses'!F15 -> 125 | G38: ='List of Courses'!G15 -> 2 | H38: ='List of Courses'!H15 -> 2 | I38: ='List of Courses'!I15 -> 0 | ... Q38: ='List of Courses'!Q15 -> 0 | S38: ='List of Courses'!B50 -> CVL392 | T38: ='List of Courses'!C50 -> Practical Training-2 | U38: ='List of Courses'!D50 -> 0 | V38: ='List of Courses'!E50 -> 0 | W38: ='List of Courses'!F50 -> 0 | X38: ='List of Courses'!G50 -> 0 | Y38: ='List of Courses'!H50 -> 0 | Z38: ='List of Courses'!I50 -> 0 | ... AH38: ='List of Courses'!Q50 -> 0
B39: ='List of Courses'!B37 -> CVL312 | C39: ='List of Courses'!C37 -> Soil Mechanics | D39: ='List of Courses'!D37 -> 3 | E39: ='List of Courses'!E37 -> 5 | F39: ='List of Courses'!F37 -> 125 | G39: ='List of Courses'!G37 -> 2 | H39: ='List of Courses'!H37 -> 1 | I39: ='List of Courses'!I37 -> 1 | ... Q39: ='List of Courses'!Q37 -> 0 | S39: ='List of Courses'!B51 -> CVL411 | T39: ='List of Courses'!C51 -> Design & Construction of Foundations | U39: ='List of Courses'!D51 -> 3 | V39: ='List of Courses'!E51 -> 5 | W39: ='List of Courses'!F51 -> 125 | X39: ='List of Courses'!G51 -> 2 | Y39: ='List of Courses'!H51 -> 2 | Z39: ='List of Courses'!I51 -> 0 | ... AH39: ='List of Courses'!Q51 -> 0
B40: ='List of Courses'!B39 -> CVL314 | C40: ='List of Courses'!C39 -> Reinforced Concrete Design-2 | D40: ='List of Courses'!D39 -> 3 | E40: ='List of Courses'!E39 -> 5 | F40: ='List of Courses'!F39 -> 125 | G40: ='List of Courses'!G39 -> 2 | H40: ='List of Courses'!H39 -> 2 | I40: ='List of Courses'!I39 -> 0 | ... Q40: ='List of Courses'!Q39 -> 0 | S40: ='List of Courses'!B57 -> CVL432 | T40: ='List of Courses'!C57 -> Contracts & Commercial Management | U40: ='List of Courses'!D57 -> 3 | V40: ='List of Courses'!E57 -> 5 | W40: ='List of Courses'!F57 -> 125 | X40: ='List of Courses'!G57 -> 2 | Y40: ='List of Courses'!H57 -> 2 | Z40: ='List of Courses'!I57 -> 0 | ... AH40: ='List of Courses'!Q57 -> 0
B41: ='List of Courses'!B44 -> CVL333 | C41: ='List of Courses'!C44 -> Civil Engineering Economics | D41: ='List of Courses'!D44 -> 3 | E41: ='List of Courses'!E44 -> 5 | F41: ='List of Courses'!F44 -> 125 | G41: ='List of Courses'!G44 -> 2 | H41: ='List of Courses'!H44 -> 2 | I41: ='List of Courses'!I44 -> 0 | ... Q41: ='List of Courses'!Q44 -> 0 | S41: ='List of Courses'!B63 -> CVL441 | T41: ='List of Courses'!C63 -> Fundamentals of Hydraulic Engineering | U41: ='List of Courses'!D63 -> 3 | V41: ='List of Courses'!E63 -> 5 | W41: ='List of Courses'!F63 -> 125 | X41: ='List of Courses'!G63 -> 2 | Y41: ='List of Courses'!H63 -> 1 | Z41: ='List of Courses'!I63 -> 1 | ... AH41: ='List of Courses'!Q63 -> 0
B42: ='List of Courses'!B46 -> CVL341 | C42: ='List of Courses'!C46 -> Fluid Mechanics | D42: ='List of Courses'!D46 -> 3 | E42: ='List of Courses'!E46 -> 5 | F42: ='List of Courses'!F46 -> 125 | G42: ='List of Courses'!G46 -> 2 | H42: ='List of Courses'!H46 -> 1 | I42: ='List of Courses'!I46 -> 1 | ... Q42: ='List of Courses'!Q46 -> 0 | S42: ='List of Courses'!B64 -> CVL451 | T42: ='List of Courses'!C64 -> Introduction to Transportation & Highway Engineering | U42: ='List of Courses'!D64 -> 3 | V42: ='List of Courses'!E64 -> 5 | W42: ='List of Courses'!F64 -> 125 | X42: ='List of Courses'!G64 -> 2 | Y42: ='List of Courses'!H64 -> 1 | Z42: ='List of Courses'!I64 -> 1 | ... AH42: ='List of Courses'!Q64 -> 0
B43: ='List of Courses'!B56 -> CVL431 | C43: ='List of Courses'!C56 -> Value & Risk Management in Construction | D43: ='List of Courses'!D56 -> 3 | E43: ='List of Courses'!E56 -> 5 | F43: ='List of Courses'!F56 -> 125 | G43: ='List of Courses'!G56 -> 2 | H43: ='List of Courses'!H56 -> 2 | I43: ='List of Courses'!I56 -> 0 | ... Q43: ='List of Courses'!Q56 -> 0 | S43: ='List of Courses'!B71 -> MTH E | T43: ='List of Courses'!C71 -> Major Math Elective | U43: ='List of Courses'!D71 -> 3 | V43: ='List of Courses'!E71 -> 5 | W43: ='List of Courses'!F71 -> 125 | X43: ='List of Courses'!G71 -> 2 | Y43: ='List of Courses'!H71 -> 2 | Z43: ='List of Courses'!I71 -> 0 | ... AH43: ='List of Courses'!Q71 -> 1
B44: ='List of Courses'!B27 -> INT E2 | C44: ='List of Courses'!C27 -> Sustainable Development Electives | D44: ='List of Courses'!D27 -> 3 | E44: ='List of Courses'!E27 -> 5 | F44: ='List of Courses'!F27 -> 125 | G44: ='List of Courses'!G27 -> 2 | H44: ='List of Courses'!H27 -> 2 | I44: ='List of Courses'!I27 -> 0 | ... P44: ='List of Courses'!P27 -> 0 | Q44: ='List of Courses'!Q71 -> 1 | S44: ='List of Courses'!B72 -> CVL E1 | T44: ='List of Courses'!C72 -> Major Elective (1) | U44: ='List of Courses'!D72 -> 3 | V44: ='List of Courses'!E72 -> 5 | W44: ='List of Courses'!F72 -> 125 | X44: ='List of Courses'!G72 -> 2 | Y44: ='List of Courses'!H72 -> 1 | Z44: ='List of Courses'!I72 -> 1 | ... AH44: ='List of Courses'!Q72 -> 1
S45: ='List of Courses'!B73 -> CVL E2 | T45: ='List of Courses'!C73 -> Major Elective (2) | U45: ='List of Courses'!D73 -> 3 | V45: ='List of Courses'!E73 -> 5 | W45: ='List of Courses'!F73 -> 125 | X45: ='List of Courses'!G73 -> 2 | Y45: ='List of Courses'!H73 -> 1 | Z45: ='List of Courses'!I73 -> 1 | ... AH45: ='List of Courses'!Q73 -> 1
D46: =SUM(D38:D45) -> 21 | E46: =SUM(E38:E45) -> 35 | F46: =SUM(F38:F45) -> 875 | G46: =SUM(G38:G45) -> 14 | H46: =SUM(H38:H45) -> 12 | I46: =SUM(I38:I45) -> 2 | J46: =SUM(J38:J45) -> 28 | U46: =SUM(U38:U45) -> 21 | V46: =SUM(V38:V45) -> 35 | W46: =SUM(W38:W45) -> 875 | X46: =SUM(X38:X45) -> 14 | Y46: =SUM(Y38:Y45) -> 10 | Z46: =SUM(Z38:Z45) -> 4 | AA46: =SUM(AA38:AA45) -> 28
A48: Fall Y4 | B48: Code | C48: Course Title | D48: Credits and SWL | G48: Contact Hours | K48: PreReq. | L48: Univ | M48: EAS | N48: Basic Sc. | O48: Prog | P48: Major | Q48: Elec
D49: CH | E49: ECTS | F49: SWL | G49: Lec | H49: Tut | I49: Lab | J49: TT
B50: ='List of Courses'!B58 -> CVL433 | C50: ='List of Courses'!C58 -> Infrastructure Asset Management | D50: ='List of Courses'!D58 -> 3 | E50: ='List of Courses'!E58 -> 5 | F50: ='List of Courses'!F58 -> 125 | G50: ='List of Courses'!G58 -> 2 | H50: ='List of Courses'!H58 -> 2 | I50: ='List of Courses'!I58 -> 0 | ... Q50: ='List of Courses'!Q58 -> 0
B51: ='List of Courses'!B59 -> CVL434 | C51: ='List of Courses'!C59 -> Strategic Management in Construction | D51: ='List of Courses'!D59 -> 3 | E51: ='List of Courses'!E59 -> 5 | F51: ='List of Courses'!F59 -> 125 | G51: ='List of Courses'!G59 -> 2 | H51: ='List of Courses'!H59 -> 2 | I51: ='List of Courses'!I59 -> 0 | ... Q51: ='List of Courses'!Q59 -> 0
B52: ='List of Courses'!B74 -> CVL E3 | C52: ='List of Courses'!C74 -> Major Elective (3) | D52: ='List of Courses'!D74 -> 3 | E52: ='List of Courses'!E74 -> 5 | F52: ='List of Courses'!F74 -> 125 | G52: ='List of Courses'!G74 -> 2 | H52: ='List of Courses'!H74 -> 1 | I52: ='List of Courses'!I74 -> 1 | ... Q52: ='List of Courses'!Q74 -> 1
B53: ='List of Courses'!B75 -> CVL E4 | C53: ='List of Courses'!C75 -> Major Elective (4) | D53: ='List of Courses'!D75 -> 3 | E53: ='List of Courses'!E75 -> 5 | F53: ='List of Courses'!F75 -> 125 | G53: ='List of Courses'!G75 -> 2 | H53: ='List of Courses'!H75 -> 1 | I53: ='List of Courses'!I75 -> 1 | ... Q53: ='List of Courses'!Q75 -> 1
B54: ='List of Courses'!B28 -> EBS111 | C54: ='List of Courses'!C28 -> Selected Topics in Entrepreneurship | D54: ='List of Courses'!D28 -> 3 | E54: ='List of Courses'!E28 -> 5 | F54: ='List of Courses'!F28 -> 125 | G54: ='List of Courses'!G28 -> 2 | H54: ='List of Courses'!H28 -> 2 | I54: ='List of Courses'!I28 -> 0 | ... Q54: ='List of Courses'!Q28 -> 0
B55: ='List of Courses'!B68 -> CVL493 | C55: ='List of Courses'!C68 -> Graduation Project I | D55: ='List of Courses'!D68 -> 3 | E55: ='List of Courses'!E68 -> 5 | F55: ='List of Courses'!F68 -> 125 | G55: ='List of Courses'!G68 -> 1 | H55: ='List of Courses'!H68 -> 0 | I55: ='List of Courses'!I68 -> 4 | ... Q55: ='List of Courses'!Q68 -> 0
B56: ='List of Courses'!B69 -> CVL494 | C56: ='List of Courses'!C69 -> Graduation Project II | D56: ='List of Courses'!D69 -> 3 | E56: ='List of Courses'!E69 -> 5 | F56: ='List of Courses'!F69 -> 125 | G56: ='List of Courses'!G69 -> 1 | H56: ='List of Courses'!H69 -> 0 | I56: ='List of Courses'!I69 -> 4 | ... Q56: ='List of Courses'!Q69 -> 0
D57: =SUM(D50:D56) -> 21 | E57: =SUM(E50:E56) -> 35 | F57: =SUM(F50:F56) -> 875 | G57: =SUM(G50:G56) -> 12 | H57: =SUM(H50:H56) -> 8 | I57: =SUM(I50:I56) -> 10 | J57: =SUM(J50:J56) -> 30
R59: List of CEM Major Electives | S59: Code | T59: Course Title | U59: Credits and SWL | X59: Contact Hours | AB59: PreReq. | AC59: Univ | AD59: EAS | AE59: Basic Sc. | AF59: Prog | AG59: Major
U60: CH | V60: ECTS | W60: SWL | X60: Lec | Y60: Tut | Z60: Lab | AA60: TT
S61: ='List of Courses'!B48 -> CVL381 | T61: ='List of Courses'!C48 -> Computer Applications in Civil Engineering | U61: ='List of Courses'!D48 -> 3 | V61: ='List of Courses'!E48 -> 5 | W61: ='List of Courses'!F48 -> 125 | X61: ='List of Courses'!G48 -> 2 | Y61: ='List of Courses'!H48 -> 0 | Z61: ='List of Courses'!I48 -> 2 | ... AG61: ='List of Courses'!P48 -> 1
S62: ='List of Courses'!B67 -> CVL481 | T62: ='List of Courses'!C67 -> Advanced Surveying and GIS | U62: ='List of Courses'!D67 -> 3 | V62: ='List of Courses'!E67 -> 5 | W62: ='List of Courses'!F67 -> 125 | X62: ='List of Courses'!G67 -> 1 | Y62: ='List of Courses'!H67 -> 2 | Z62: ='List of Courses'!I67 -> 2 | ... AG62: ='List of Courses'!P67 -> 1
S63: ='List of Courses'!B53 -> CVL413 | T63: ='List of Courses'!C53 -> Repair and Strengthening of Buildings | U63: ='List of Courses'!D53 -> 3 | V63: ='List of Courses'!E53 -> 5 | W63: ='List of Courses'!F53 -> 125 | X63: ='List of Courses'!G53 -> 2 | Y63: ='List of Courses'!H53 -> 2 | Z63: ='List of Courses'!I53 -> 0 | ... AG63: ='List of Courses'!P53 -> 1
S64: ='List of Courses'!B55 -> CVL422 | T64: ='List of Courses'!C55 -> Quality Control of Smart Materials | U64: ='List of Courses'!D55 -> 3 | V64: ='List of Courses'!E55 -> 5 | W64: ='List of Courses'!F55 -> 125 | X64: ='List of Courses'!G55 -> 2 | Y64: ='List of Courses'!H55 -> 2 | Z64: ='List of Courses'!I55 -> 0 | ... AG64: ='List of Courses'!P55 -> 1
S65: ='List of Courses'!B60 -> CVL435 | T65: ='List of Courses'!C60 -> Real Estate & Urban Planning Development | U65: ='List of Courses'!D60 -> 3 | V65: ='List of Courses'!E60 -> 5 | W65: ='List of Courses'!F60 -> 125 | X65: ='List of Courses'!G60 -> 2 | Y65: ='List of Courses'!H60 -> 2 | Z65: ='List of Courses'!I60 -> 0 | ... AG65: ='List of Courses'!P60 -> 1
S66: ='List of Courses'!B61 -> CVL436 | T66: ='List of Courses'!C61 -> Principles of Management & Human Resources | U66: ='List of Courses'!D61 -> 3 | V66: ='List of Courses'!E61 -> 5 | W66: ='List of Courses'!F61 -> 125 | X66: ='List of Courses'!G61 -> 2 | Y66: ='List of Courses'!H61 -> 2 | Z66: ='List of Courses'!I61 -> 0 | ... AG66: ='List of Courses'!P61 -> 1
S67: ='List of Courses'!B62 -> CVL437 | T67: ='List of Courses'!C62 -> Building Information Modeling | U67: ='List of Courses'!D62 -> 3 | V67: ='List of Courses'!E62 -> 5 | W67: ='List of Courses'!F62 -> 125 | X67: ='List of Courses'!G62 -> 1 | Y67: ='List of Courses'!H62 -> 2 | Z67: ='List of Courses'!I62 -> 2 | ... AG67: ='List of Courses'!P62 -> 1
S68: ='List of Courses'!B66 -> CVL462 | T68: ='List of Courses'!C66 -> GIS in Smart Structures and Systems | U68: ='List of Courses'!D66 -> 3 | V68: ='List of Courses'!E66 -> 5 | W68: ='List of Courses'!F66 -> 125 | X68: ='List of Courses'!G66 -> 2 | Y68: ='List of Courses'!H66 -> 2 | Z68: ='List of Courses'!I66 -> 0 | ... AG68: ='List of Courses'!P66 -> 1
S69: ='List of Courses'!B70 -> IND252 | T69: ='List of Courses'!C70 -> Operation Research I | U69: ='List of Courses'!D70 -> 3 | V69: ='List of Courses'!E70 -> 5 | W69: ='List of Courses'!F70 -> 125 | X69: ='List of Courses'!G70 -> 2 | Y69: ='List of Courses'!H70 -> 2 | Z69: ='List of Courses'!I70 -> 0 | ... AG69: ='List of Courses'!P70 -> 1
R72: List of CEM Math Electives | S72: Code | T72: Course Title | U72: Credits and SWL | X72: Contact Hours | AB72: PreReq. | AC72: Univ | AD72: EAS | AE72: Basic Sc. | AF72: Prog | AG72: Major
U73: CH | V73: ECTS | W73: SWL | X73: Lec | Y73: Tut | Z73: Lab | AA73: TT
S74: ='List of Courses'!B16 -> MTH317 | T74: ='List of Courses'!C16 -> Introduction to Mathematical Optimization | U74: ='List of Courses'!D16 -> 3 | V74: ='List of Courses'!E16 -> 5 | W74: ='List of Courses'!F16 -> 125 | X74: ='List of Courses'!G16 -> 2 | Y74: ='List of Courses'!H16 -> 2 | Z74: ='List of Courses'!I16 -> 0 | AA74: ='List of Courses'!J61 -> 4 | AB74: ='List of Courses'!K16 -> MTH214 | AC74: ='List of Courses'!L16 -> 0 | AD74: ='List of Courses'!M16 -> 0 | AE74: ='List of Courses'!N16 -> 0 | AF74: ='List of Courses'!O16 -> 1 | AG74: ='List of Courses'!P16 -> 0
S75: ='List of Courses'!B17 -> MTH318 | T75: ='List of Courses'!C17 -> Advanced Numerical Analysis | U75: ='List of Courses'!D17 -> 3 | V75: ='List of Courses'!E17 -> 5 | W75: ='List of Courses'!F17 -> 125 | X75: ='List of Courses'!G17 -> 2 | Y75: ='List of Courses'!H17 -> 2 | Z75: ='List of Courses'!I17 -> 0 | AA75: ='List of Courses'!J80 -> 0 | AB75: ='List of Courses'!K17 -> MTH112 & MTH113 | AC75: ='List of Courses'!L17 -> 0 | AD75: ='List of Courses'!M17 -> 0 | AE75: ='List of Courses'!N17 -> 0 | AF75: ='List of Courses'!O17 -> 1 | AG75: ='List of Courses'!P17 -> 0
S76: ='List of Courses'!B18 -> MTH319 | T76: ='List of Courses'!C18 -> Advanced Probability and Statistics | U76: ='List of Courses'!D18 -> 3 | V76: ='List of Courses'!E18 -> 5 | W76: ='List of Courses'!F18 -> 125 | X76: ='List of Courses'!G18 -> 2 | Y76: ='List of Courses'!H18 -> 2 | Z76: ='List of Courses'!I18 -> 0 | AA76: ='List of Courses'!J66 -> 4 | AB76: ='List of Courses'!K18 -> MTH216 | AC76: ='List of Courses'!L18 -> 0 | AD76: ='List of Courses'!M18 -> 0 | AE76: ='List of Courses'!N18 -> 0 | AF76: ='List of Courses'!O18 -> 1 | AG76: ='List of Courses'!P18 -> 0

Sheet CE Minor
C2: Requirements | D2: Credits and SWL | G2: Contact Hours | K2: TOR CR | L2: TOR % | M2: Actual % | S2: Minor in "Construction Engineering" CE
D3: CH | E3: ECTS | F3: SWL | G3: Lec | H3: Tut | I3: Lab | J3: TT
C4: University Requirements | D4: {=SUM(SUM(D14:D21*$L14:$L21),SUM(U14:U21*$AC14:$AC21), SUM(D26:D33*$L26:$L33), SUM(U26:U33*$AC26:$AC33), SUM(D38:D45*$L38:$L45), SUM(U38:U45*$AC38:$AC45),SUM(D50:D56*$L50:$L56), SUM(U50:U56*$AC50:$AC56))} -> 12 | E4: {=SUM(SUM(E14:E21*$L14:$L21),SUM(V14:V21*$AC14:$AC21), SUM(E26:E33*$L26:$L33), SUM(V26:V33*$AC26:$AC33), SUM(E38:E45*$L38:$L45), SUM(V38:V45*$AC38:$AC45),SUM(E50:E56*$L50:$L56), SUM(V50:V56*$AC50:$AC56))} -> 20 | F4: {=SUM(SUM(F14:F21*$L14:$L21),SUM(W14:W21*$AC14:$AC21), SUM(F26:F33*$L26:$L33), SUM(W26:W33*$AC26:$AC33), SUM(F38:F45*$L38:$L45), SUM(W38:W45*$AC38:$AC45),SUM(F50:F56*$L50:$L56), SUM(W50:W56*$AC50:$AC56))} -> 500 | G4: {=SUM(SUM(G14:G21*$L14:$L21),SUM(X14:X21*$AC14:$AC21), SUM(G26:G33*$L26:$L33), SUM(X26:X33*$AC26:$AC33), SUM(G38:G45*$L38:$L45), SUM(X38:X45*$AC38:$AC45),SUM(G50:G56*$L50:$L56), SUM(X50:X56*$AC50:$AC56))} -> 10 | H4: {=SUM(SUM(H14:H21*$L14:$L21),SUM(Y14:Y21*$AC14:$AC21), SUM(H26:H33*$L26:$L33), SUM(Y26:Y33*$AC26:$AC33), SUM(H38:H45*$L38:$L45), SUM(Y38:Y45*$AC38:$AC45),SUM(H50:H56*$L50:$L56), SUM(Y50:Y56*$AC50:$AC56))} -> 2 | I4: {=SUM(SUM(I14:I21*$L14:$L21),SUM(Z14:Z21*$AC14:$AC21), SUM(I26:I33*$L26:$L33), SUM(Z26:Z33*$AC26:$AC33), SUM(I38:I45*$L38:$L45), SUM(Z38:Z45*$AC38:$AC45),SUM(I50:I56*$L50:$L56), SUM(Z50:Z56*$AC50:$AC56))} -> 2 | J4: {=SUM(SUM(J14:J21*$L14:$L21),SUM(AA14:AA21*$AC14:$AC21), SUM(J26:J33*$L26:$L33), SUM(AA26:AA33*$AC26:$AC33), SUM(J38:J45*$L38:$L45), SUM(AA38:AA45*$AC38:$AC45),SUM(J50:J56*$L50:$L56), SUM(AA50:AA56*$AC50:$AC56))} -> 14 | K4: 12 (Min.) | L4: 0.08 | M4: =D4/$D$10 -> 0.083333333
C5: Faculty of Engineering Requirements | D5: {=SUM(SUM(D14:D21*$M14:$M21),SUM(U14:U21*$AD14:$AD21), SUM(D26:D33*$M26:$M33), SUM(U26:U33*$AD26:$AD33), SUM(D38:D45*$M38:$M45), SUM(U38:U45*$AD38:$AD45),SUM(D50:D56*$M50:$M56), SUM(U50:U56*$AD50:$AD56))} -> 30 | E5: {=SUM(SUM(E14:E21*$M14:$M21),SUM(V14:V21*$AD14:$AD21), SUM(E26:E33*$M26:$M33), SUM(V26:V33*$AD26:$AD33), SUM(E38:E45*$M38:$M45), SUM(V38:V45*$AD38:$AD45),SUM(E50:E56*$M50:$M56), SUM(V50:V56*$AD50:$AD56))} -> 50 | F5: {=SUM(SUM(F14:F21*$M14:$M21),SUM(W14:W21*$AD14:$AD21), SUM(F26:F33*$M26:$M33), SUM(W26:W33*$AD26:$AD33), SUM(F38:F45*$M38:$M45), SUM(W38:W45*$AD38:$AD45),SUM(F50:F56*$M50:$M56), SUM(W50:W56*$AD50:$AD56))} -> 1250 | G5: {=SUM(SUM(G14:G21*$M14:$M21),SUM(X14:X21*$AD14:$AD21), SUM(G26:G33*$M26:$M33), SUM(X26:X33*$AD26:$AD33), SUM(G38:G45*$M38:$M45), SUM(X38:X45*$AD38:$AD45),SUM(G50:G56*$M50:$M56), SUM(X50:X56*$AD50:$AD56))} -> 20 | H5: {=SUM(SUM(H14:H21*$M14:$M21),SUM(Y14:Y21*$AD14:$AD21), SUM(H26:H33*$M26:$M33), SUM(Y26:Y33*$AD26:$AD33), SUM(H38:H45*$M38:$M45), SUM(Y38:Y45*$AD38:$AD45),SUM(H50:H56*$M50:$M56), SUM(Y50:Y56*$AD50:$AD56))} -> 16 | I5: {=SUM(SUM(I14:I21*$M14:$M21),SUM(Z14:Z21*$AD14:$AD21), SUM(I26:I33*$M26:$M33), SUM(Z26:Z33*$AD26:$AD33), SUM(I38:I45*$M38:$M45), SUM(Z38:Z45*$AD38:$AD45),SUM(I50:I56*$M50:$M56), SUM(Z50:Z56*$AD50:$AD56))} -> 5 | J5: {=SUM(SUM(J14:J21*$M14:$M21),SUM(AA14:AA21*$AD14:$AD21), SUM(J26:J33*$M26:$M33), SUM(AA26:AA33*$AD26:$AD33), SUM(J38:J45*$M38:$M45), SUM(AA38:AA45*$AD38:$AD45),SUM(J50:J56*$M50:$M56), SUM(AA50:AA56*$AD50:$AD56))} -> 41 | K5: 29 (Min.) | L5: 0.2 | M5: =D5/$D$10 -> 0.20833333
C6: Basic Sciences Requirements | D6: {=SUM(SUM(D14:D21*$N14:$N21),SUM(U14:U21*$AE14:$AE21), SUM(D26:D33*$N26:$N33), SUM(U26:U33*$AE26:$AE33), SUM(D38:D45*$N38:$N45), SUM(U38:U45*$AE38:$AE45),SUM(D50:D56*$N50:$N56), SUM(U50:U56*$AE50:$AE56))} -> 27 | E6: {=SUM(SUM(E14:E21*$N14:$N21),SUM(V14:V21*$AE14:$AE21), SUM(E26:E33*$N26:$N33), SUM(V26:V33*$AE26:$AE33), SUM(E38:E45*$N38:$N45), SUM(V38:V45*$AE38:$AE45),SUM(E50:E56*$N50:$N56), SUM(V50:V56*$AE50:$AE56))} -> 45 | F6: {=SUM(SUM(F14:F21*$N14:$N21),SUM(W14:W21*$AE14:$AE21), SUM(F26:F33*$N26:$N33), SUM(W26:W33*$AE26:$AE33), SUM(F38:F45*$N38:$N45), SUM(W38:W45*$AE38:$AE45),SUM(F50:F56*$N50:$N56), SUM(W50:W56*$AE50:$AE56))} -> 1125 | G6: {=SUM(SUM(G14:G21*$N14:$N21),SUM(X14:X21*$AE14:$AE21), SUM(G26:G33*$N26:$N33), SUM(X26:X33*$AE26:$AE33), SUM(G38:G45*$N38:$N45), SUM(X38:X45*$AE38:$AE45),SUM(G50:G56*$N50:$N56), SUM(X50:X56*$AE50:$AE56))} -> 18 | H6: {=SUM(SUM(H14:H21*$N14:$N21),SUM(Y14:Y21*$AE14:$AE21), SUM(H26:H33*$N26:$N33), SUM(Y26:Y33*$AE26:$AE33), SUM(H38:H45*$N38:$N45), SUM(Y38:Y45*$AE38:$AE45),SUM(H50:H56*$N50:$N56), SUM(Y50:Y56*$AE50:$AE56))} -> 17 | I6: {=SUM(SUM(I14:I21*$N14:$N21),SUM(Z14:Z21*$AE14:$AE21), SUM(I26:I33*$N26:$N33), SUM(Z26:Z33*$AE26:$AE33), SUM(I38:I45*$N38:$N45), SUM(Z38:Z45*$AE38:$AE45),SUM(I50:I56*$N50:$N56), SUM(Z50:Z56*$AE50:$AE56))} -> 2 | J6: {=SUM(SUM(J14:J21*$N14:$N21),SUM(AA14:AA21*$AE14:$AE21), SUM(J26:J33*$N26:$N33), SUM(AA26:AA33*$AE26:$AE33), SUM(J38:J45*$N38:$N45), SUM(AA38:AA45*$AE38:$AE45),SUM(J50:J56*$N50:$N56), SUM(AA50:AA56*$AE50:$AE56))} -> 37 | K6: 24 (Min.) | L6: 0.17 | M6: =D6/$D$10 -> 0.1875
C7: Program Requirements | D7: {=SUM(SUM(D14:D21*$O14:$O21),SUM(U14:U21*$AF14:$AF21), SUM(D26:D33*$O26:$O33), SUM(U26:U33*$AF26:$AF33), SUM(D38:D45*$O38:$O45), SUM(U38:U45*$AF38:$AF45),SUM(D50:D56*$O50:$O56), SUM(U50:U56*$AF50:$AF56))} -> 66 | E7: {=SUM(SUM(E14:E21*$O14:$O21),SUM(V14:V21*$AF14:$AF21), SUM(E26:E33*$O26:$O33), SUM(V26:V33*$AF26:$AF33), SUM(E38:E45*$O38:$O45), SUM(V38:V45*$AF38:$AF45),SUM(E50:E56*$O50:$O56), SUM(V50:V56*$AF50:$AF56))} -> 110 | F7: {=SUM(SUM(F14:F21*$O14:$O21),SUM(W14:W21*$AF14:$AF21), SUM(F26:F33*$O26:$O33), SUM(W26:W33*$AF26:$AF33), SUM(F38:F45*$O38:$O45), SUM(W38:W45*$AF38:$AF45),SUM(F50:F56*$O50:$O56), SUM(W50:W56*$AF50:$AF56))} -> 2750 | G7: {=SUM(SUM(G14:G21*$O14:$O21),SUM(X14:X21*$AF14:$AF21), SUM(G26:G33*$O26:$O33), SUM(X26:X33*$AF26:$AF33), SUM(G38:G45*$O38:$O45), SUM(X38:X45*$AF38:$AF45),SUM(G50:G56*$O50:$O56), SUM(X50:X56*$AF50:$AF56))} -> 40 | H7: {=SUM(SUM(H14:H21*$O14:$O21),SUM(Y14:Y21*$AF14:$AF21), SUM(H26:H33*$O26:$O33), SUM(Y26:Y33*$AF26:$AF33), SUM(H38:H45*$O38:$O45), SUM(Y38:Y45*$AF38:$AF45),SUM(H50:H56*$O50:$O56), SUM(Y50:Y56*$AF50:$AF56))} -> 33 | I7: {=SUM(SUM(I14:I21*$O14:$O21),SUM(Z14:Z21*$AF14:$AF21), SUM(I26:I33*$O26:$O33), SUM(Z26:Z33*$AF26:$AF33), SUM(I38:I45*$O38:$O45), SUM(Z38:Z45*$AF38:$AF45),SUM(I50:I56*$O50:$O56), SUM(Z50:Z56*$AF50:$AF56))} -> 19 | J7: {=SUM(SUM(J14:J21*$O14:$O21),SUM(AA14:AA21*$AF14:$AF21), SUM(J26:J33*$O26:$O33), SUM(AA26:AA33*$AF26:$AF33), SUM(J38:J45*$O38:$O45), SUM(AA38:AA45*$AF38:$AF45),SUM(J50:J56*$O50:$O56), SUM(AA50:AA56*$AF50:$AF56))} -> 92 | K7: 50 (Min.) | L7: 0.35 | M7: =D7/$D$10 -> 0.45833333
C8: Major Requirements (Specialization) | D8: {=SUM(SUM(D14:D21*$P14:$P21),SUM(U14:U21*$AG14:$AG21), SUM(D26:D33*$P26:$P33), SUM(U26:U33*$AG26:$AG33), SUM(D38:D45*$P38:$P45), SUM(U38:U45*$AG38:$AG45),SUM(D50:D56*$P50:$P56), SUM(U50:U56*$AG50:$AG56))} -> 36 | E8: {=SUM(SUM(E14:E21*$P14:$P21),SUM(V14:V21*$AG14:$AG21), SUM(E26:E33*$P26:$P33), SUM(V26:V33*$AG26:$AG33), SUM(E38:E45*$P38:$P45), SUM(V38:V45*$AG38:$AG45),SUM(E50:E56*$P50:$P56), SUM(V50:V56*$AG50:$AG56))} -> 60 | F8: {=SUM(SUM(F14:F21*$P14:$P21),SUM(W14:W21*$AG14:$AG21), SUM(F26:F33*$P26:$P33), SUM(W26:W33*$AG26:$AG33), SUM(F38:F45*$P38:$P45), SUM(W38:W45*$AG38:$AG45),SUM(F50:F56*$P50:$P56), SUM(W50:W56*$AG50:$AG56))} -> 1500 | G8: {=SUM(SUM(G14:G21*$P14:$P21),SUM(X14:X21*$AG14:$AG21), SUM(G26:G33*$P26:$P33), SUM(X26:X33*$AG26:$AG33), SUM(G38:G45*$P38:$P45), SUM(X38:X45*$AG38:$AG45),SUM(G50:G56*$P50:$P56), SUM(X50:X56*$AG50:$AG56))} -> 24 | H8: {=SUM(SUM(H14:H21*$P14:$P21),SUM(Y14:Y21*$AG14:$AG21), SUM(H26:H33*$P26:$P33), SUM(Y26:Y33*$AG26:$AG33), SUM(H38:H45*$P38:$P45), SUM(Y38:Y45*$AG38:$AG45),SUM(H50:H56*$P50:$P56), SUM(Y50:Y56*$AG50:$AG56))} -> 19 | I8: {=SUM(SUM(I14:I21*$P14:$P21),SUM(Z14:Z21*$AG14:$AG21), SUM(I26:I33*$P26:$P33), SUM(Z26:Z33*$AG26:$AG33), SUM(I38:I45*$P38:$P45), SUM(Z38:Z45*$AG38:$AG45),SUM(I50:I56*$P50:$P56), SUM(Z50:Z56*$AG50:$AG56))} -> 5 | J8: {=SUM(SUM(J14:J21*$P14:$P21),SUM(AA14:AA21*$AG14:$AG21), SUM(J26:J33*$P26:$P33), SUM(AA26:AA33*$AG26:$AG33), SUM(J38:J45*$P38:$P45), SUM(AA38:AA45*$AG38:$AG45),SUM(J50:J56*$P50:$P56), SUM(AA50:AA56*$AG50:$AG56))} -> 48 | K8: 43 (Max.) | L8: 0.3 | M8: =D8/$D$10 -> 0.25
C9: Electives | D9: {=SUM(SUM(D14:D21*$Q14:$Q21),SUM(U14:U21*$AH14:$AH21), SUM(D26:D33*$Q26:$Q33), SUM(U26:U33*$AH26:$AH33), SUM(D38:D45*$Q38:$Q45), SUM(U38:U45*$AH38:$AH45),SUM(D50:D56*$Q50:$Q56), SUM(U50:U56*$AH50:$AH56))} -> 24 | E9: {=SUM(SUM(E14:E21*$Q14:$Q21),SUM(V14:V21*$AH14:$AH21), SUM(E26:E33*$Q26:$Q33), SUM(V26:V33*$AH26:$AH33), SUM(E38:E45*$Q38:$Q45), SUM(V38:V45*$AH38:$AH45),SUM(E50:E56*$Q50:$Q56), SUM(V50:V56*$AH50:$AH56))} -> 40 | F9: {=SUM(SUM(F14:F21*$Q14:$Q21),SUM(W14:W21*$AH14:$AH21), SUM(F26:F33*$Q26:$Q33), SUM(W26:W33*$AH26:$AH33), SUM(F38:F45*$Q38:$Q45), SUM(W38:W45*$AH38:$AH45),SUM(F50:F56*$Q50:$Q56), SUM(W50:W56*$AH50:$AH56))} -> 1000 | G9: {=SUM(SUM(G14:G21*$Q14:$Q21),SUM(X14:X21*$AH14:$AH21), SUM(G26:G33*$Q26:$Q33), SUM(X26:X33*$AH26:$AH33), SUM(G38:G45*$Q38:$Q45), SUM(X38:X45*$AH38:$AH45),SUM(G50:G56*$Q50:$Q56), SUM(X50:X56*$AH50:$AH56))} -> 17 | H9: {=SUM(SUM(H14:H21*$Q14:$Q21),SUM(Y14:Y21*$AH14:$AH21), SUM(H26:H33*$Q26:$Q33), SUM(Y26:Y33*$AH26:$AH33), SUM(H38:H45*$Q38:$Q45), SUM(Y38:Y45*$AH38:$AH45),SUM(H50:H56*$Q50:$Q56), SUM(Y50:Y56*$AH50:$AH56))} -> 10 | I9: {=SUM(SUM(I14:I21*$Q14:$Q21),SUM(Z14:Z21*$AH14:$AH21), SUM(I26:I33*$Q26:$Q33), SUM(Z26:Z33*$AH26:$AH33), SUM(I38:I45*$Q38:$Q45), SUM(Z38:Z45*$AH38:$AH45),SUM(I50:I56*$Q50:$Q56), SUM(Z50:Z56*$AH50:$AH56))} -> 4 | J9: {=SUM(SUM(J14:J21*$Q14:$Q21),SUM(AA14:AA21*$AH14:$AH21), SUM(J26:J33*$Q26:$Q33), SUM(AA26:AA33*$AH26:$AH33), SUM(J38:J45*$Q38:$Q45), SUM(AA38:AA45*$AH38:$AH45),SUM(J50:J56*$Q50:$Q56), SUM(AA50:AA56*$AH50:$AH56))} -> 31 | K9: 22 (Min.) | L9: 0.15 | M9: =D9/$D$10 -> 0.16666667
C10: Totals | D10: =D22+U22+D34+U34+D46+U46+D57+U57 -> 144 | E10: =E22+V22+E34+V34+E46+V46+E57+V57 -> 240 | F10: =F22+W22+F34+W34+F46+W46+F57+W57 -> 6000 | G10: =G22+X22+G34+X34+G46+X46+G57+X57 -> 94 | H10: =H22+Y22+H34+Y34+H46+Y46+H57+Y57 -> 70 | I10: =I22+Z22+I34+Z34+I46+Z46+I57+Z57 -> 31 | J10: =J22+AA22+J34+AA34+J46+AA46+J57+AA57 -> 195 | AM10: Semester | AN10: Code | AO10: Name | AP10: CH | AQ10: Pre-Req
AM11: Fall | AN11: CVL282 | AO11: Civil Engineering Drafting | AP11: 3 | AQ11: INT121
A12: Fall Y1 | B12: Code | C12: Course Title | D12: Credits and SWL | G12: Contact Hours | K12: PreReq. | L12: Univ | M12: EAS | N12: Basic Sc. | O12: Prog | P12: Major | Q12: Elec | R12: Spring Y1 | S12: Code | T12: Course Title | U12: Credits and SWL | X12: Contact Hours | AB12: PreReq. | AC12: Univ | AD12: EAS | AE12: Basic Sc. | AF12: Prog | AG12: Major | AH12: Elec | AM12: Fall | AN12: CVL333 | AO12: Civil Engineering Economics | AP12: 3 | AQ12: --
D13: CH | E13: ECTS | F13: SWL | G13: Lec | H13: Tut | I13: Lab | J13: TT | U13: CH | V13: ECTS | W13: SWL | X13: Lec | Y13: Tut | Z13: Lab | AA13: TT | AM13: Spring | AN13: CVL331 | AO13: Construction Engineering & Methods | AP13: 3 | AQ13: --
B14: ='List of Courses'!B4 -> EGL111 | C14: ='List of Courses'!C4 -> English I | D14: ='List of Courses'!D4 -> 0 | E14: ='List of Courses'!E4 -> 0 | F14: ='List of Courses'!F4 -> 0 | G14: ='List of Courses'!G4 -> 0 | H14: ='List of Courses'!H4 -> 0 | I14: ='List of Courses'!I4 -> 0 | ... Q14: ='List of Courses'!Q4 -> 0 | S14: ='List of Courses'!B5 -> EGL112 | T14: ='List of Courses'!C5 -> English II | U14: ='List of Courses'!D5 -> 0 | V14: ='List of Courses'!E5 -> 0 | W14: ='List of Courses'!F5 -> 0 | X14: ='List of Courses'!G5 -> 0 | Y14: ='List of Courses'!H5 -> 0 | Z14: ='List of Courses'!I5 -> 0 | ... AH14: ='List of Courses'!Q5 -> 0 | AM14: Spring | AN14: CVL334 | AO14: Construction Planning & Scheduling | AP14: 3 | AQ14: --
B15: ='List of Courses'!B8 -> CSC111 | C15: ='List of Courses'!C8 -> Computer and Information Skills | D15: ='List of Courses'!D8 -> 3 | E15: ='List of Courses'!E8 -> 5 | F15: ='List of Courses'!F8 -> 125 | G15: ='List of Courses'!G8 -> 1 | H15: ='List of Courses'!H8 -> 2 | I15: ='List of Courses'!I8 -> 2 | ... Q15: ='List of Courses'!Q8 -> 0 | S15: ='List of Courses'!B9 -> HUM E1 | T15: ='List of Courses'!C9 -> Humanities and Social Sciences Electives | U15: ='List of Courses'!D9 -> 3 | V15: ='List of Courses'!E9 -> 5 | W15: ='List of Courses'!F9 -> 125 | X15: ='List of Courses'!G9 -> 3 | Y15: ='List of Courses'!H9 -> 0 | Z15: ='List of Courses'!I9 -> 0 | ... AH15: ='List of Courses'!Q9 -> 1 | AM15: Fall/Spring | AN15: CVL E1 | AO15: Major Elective (1) | AP15: 3 | AQ15: --
B16: ='List of Courses'!B10 -> MTH111 | C16: ='List of Courses'!C10 -> Analytical Geometry and Calculus I | D16: ='List of Courses'!D10 -> 3 | E16: ='List of Courses'!E10 -> 5 | F16: ='List of Courses'!F10 -> 125 | G16: ='List of Courses'!G10 -> 2 | H16: ='List of Courses'!H10 -> 2 | I16: ='List of Courses'!I10 -> 0 | ... Q16: ='List of Courses'!Q10 -> 0 | S16: ='List of Courses'!B11 -> MTH112 | T16: ='List of Courses'!C11 -> Calculus II | U16: ='List of Courses'!D11 -> 3 | V16: ='List of Courses'!E11 -> 5 | W16: ='List of Courses'!F11 -> 125 | X16: ='List of Courses'!G11 -> 2 | Y16: ='List of Courses'!H11 -> 2 | Z16: ='List of Courses'!I11 -> 0 | ... AH16: ='List of Courses'!Q11 -> 0 | AM16: Fall/Spring | AN16: CVL E2 | AO16: Major Elective (2) | AP16: 3 | AQ16: --
B17: ='List of Courses'!B20 -> PHY111 | C17: ='List of Courses'!C20 -> Physics I | D17: ='List of Courses'!D20 -> 3 | E17: ='List of Courses'!E20 -> 5 | F17: ='List of Courses'!F20 -> 125 | G17: ='List of Courses'!G20 -> 2 | H17: ='List of Courses'!H20 -> 2 | I17: ='List of Courses'!I20 -> 1 | ... Q17: ='List of Courses'!Q20 -> 0 | S17: ='List of Courses'!B12 -> MTH113 | T17: ='List of Courses'!C12 -> Probability and Statistics | U17: ='List of Courses'!D12 -> 3 | V17: ='List of Courses'!E12 -> 5 | W17: ='List of Courses'!F12 -> 125 | X17: ='List of Courses'!G12 -> 2 | Y17: ='List of Courses'!H12 -> 2 | Z17: ='List of Courses'!I12 -> 0 | ... AH17: ='List of Courses'!Q12 -> 0
B18: ='List of Courses'!B23 -> MEC111 | C18: ='List of Courses'!C23 -> Engineering Mechanics I - Statics | D18: ='List of Courses'!D23 -> 3 | E18: ='List of Courses'!E23 -> 5 | F18: ='List of Courses'!F23 -> 125 | G18: ='List of Courses'!G23 -> 2 | H18: ='List of Courses'!H23 -> 2 | I18: ='List of Courses'!I23 -> 0 | ... Q18: ='List of Courses'!Q23 -> 0 | S18: ='List of Courses'!B22 -> CHM111 | T18: ='List of Courses'!C22 -> Chemistry Principles | U18: ='List of Courses'!D22 -> 3 | V18: ='List of Courses'!E22 -> 5 | W18: ='List of Courses'!F22 -> 125 | X18: ='List of Courses'!G22 -> 2 | Y18: ='List of Courses'!H22 -> 1 | Z18: ='List of Courses'!I22 -> 1 | ... AH18: ='List of Courses'!Q22 -> 0
B19: ='List of Courses'!B25 -> INT121 | C19: ='List of Courses'!C25 -> Engineering Drawing | D19: ='List of Courses'!D25 -> 3 | E19: ='List of Courses'!E25 -> 5 | F19: ='List of Courses'!F25 -> 125 | G19: ='List of Courses'!G25 -> 2 | H19: ='List of Courses'!H25 -> 0 | I19: ='List of Courses'!I25 -> 2 | ... Q19: ='List of Courses'!Q25 -> 0 | S19: ='List of Courses'!B29 -> ECE151 | T19: ='List of Courses'!C29 -> Introduction to Programming | U19: ='List of Courses'!D29 -> 3 | V19: ='List of Courses'!E29 -> 5 | W19: ='List of Courses'!F29 -> 125 | X19: ='List of Courses'!G29 -> 2 | Y19: ='List of Courses'!H29 -> 0 | Z19: ='List of Courses'!I29 -> 2 | ... AH19: ='List of Courses'!Q29 -> 0
B20: ='List of Courses'!B26 -> INT E1 | C20: ='List of Courses'!C26 -> Engineering History Electives | D20: ='List of Courses'!D26 -> 3 | E20: ='List of Courses'!E26 -> 5 | F20: ='List of Courses'!F26 -> 125 | G20: ='List of Courses'!G26 -> 2 | H20: ='List of Courses'!H26 -> 2 | I20: ='List of Courses'!I26 -> 0 | ... Q20: ='List of Courses'!Q26 -> 1 | S20: ='List of Courses'!B30 -> CVL211 | T20: ='List of Courses'!C30 -> Structural Analysis-1 | U20: ='List of Courses'!D30 -> 3 | V20: ='List of Courses'!E30 -> 5 | W20: ='List of Courses'!F30 -> 125 | X20: ='List of Courses'!G30 -> 2 | Y20: ='List of Courses'!H30 -> 2 | Z20: ='List of Courses'!I30 -> 0 | ... AH20: ='List of Courses'!Q30 -> 0
D22: =SUM(D14:D21) -> 18 | E22: =SUM(E14:E21) -> 30 | F22: =SUM(F14:F21) -> 750 | G22: =SUM(G14:G21) -> 11 | H22: =SUM(H14:H21) -> 10 | I22: =SUM(I14:I21) -> 5 | J22: =SUM(J14:J21) -> 26 | U22: =SUM(U14:U21) -> 18 | V22: =SUM(V14:V21) -> 30 | W22: =SUM(W14:W21) -> 750 | X22: =SUM(X14:X21) -> 13 | Y22: =SUM(Y14:Y21) -> 7 | Z22: =SUM(Z14:Z21) -> 3 | AA22: =SUM(AA14:AA21) -> 23
A24: Fall Y2 | B24: Code | C24: Course Title | D24: Credits and SWL | G24: Contact Hours | K24: PreReq. | L24: Univ | M24: EAS | N24: Basic Sc. | O24: Prog | P24: Major | Q24: Elec | R24: Spring Y2 | S24: Code | T24: Course Title | U24: Credits and SWL | X24: Contact Hours | AB24: PreReq. | AC24: Univ | AD24: EAS | AE24: Basic Sc. | AF24: Prog | AG24: Major | AH24: Elec
D25: CH | E25: ECTS | F25: SWL | G25: Lec | H25: Tut | I25: Lab | J25: TT | U25: CH | V25: ECTS | W25: SWL | X25: Lec | Y25: Tut | Z25: Lab | AA25: TT
B26: ='List of Courses'!B6 -> EGL213 | C26: ='List of Courses'!C6 -> Writing Skills | D26: ='List of Courses'!D6 -> 3 | E26: ='List of Courses'!E6 -> 5 | F26: ='List of Courses'!F6 -> 125 | G26: ='List of Courses'!G6 -> 3 | H26: ='List of Courses'!H6 -> 0 | I26: ='List of Courses'!I6 -> 0 | ... Q26: ='List of Courses'!Q6 -> 0 | S26: ='List of Courses'!B7 -> EGL214 | T26: ='List of Courses'!C7 -> Communication and Presentation Skills | U26: ='List of Courses'!D7 -> 3 | V26: ='List of Courses'!E7 -> 5 | W26: ='List of Courses'!F7 -> 125 | X26: ='List of Courses'!G7 -> 3 | Y26: ='List of Courses'!H7 -> 0 | Z26: ='List of Courses'!I7 -> 0 | ... AH26: ='List of Courses'!Q7 -> 0
B27: ='List of Courses'!B13 -> MTH214 | C27: ='List of Courses'!C13 -> Linear Algebra & Introduction to Machine Learning | D27: ='List of Courses'!D13 -> 3 | E27: ='List of Courses'!E13 -> 5 | F27: ='List of Courses'!F13 -> 125 | G27: ='List of Courses'!G13 -> 2 | H27: ='List of Courses'!H13 -> 2 | I27: ='List of Courses'!I13 -> 0 | ... Q27: ='List of Courses'!Q13 -> 0 | S27: ='List of Courses'!B14 -> MTH215 | T27: ='List of Courses'!C14 -> Differential Equations | U27: ='List of Courses'!D14 -> 3 | V27: ='List of Courses'!E14 -> 5 | W27: ='List of Courses'!F14 -> 125 | X27: ='List of Courses'!G14 -> 2 | Y27: ='List of Courses'!H14 -> 2 | Z27: ='List of Courses'!I14 -> 0 | ... AH27: ='List of Courses'!Q14 -> 0
B28: ='List of Courses'!B34 -> CVL281 | C28: ='List of Courses'!C34 -> Introduction to Surveying | D28: ='List of Courses'!D34 -> 3 | E28: ='List of Courses'!E34 -> 5 | F28: ='List of Courses'!F34 -> 125 | G28: ='List of Courses'!G34 -> 1 | H28: ='List of Courses'!H34 -> 2 | I28: ='List of Courses'!I34 -> 2 | ... Q28: ='List of Courses'!Q34 -> 0 | S28: ='List of Courses'!B33 -> CVL231 | T28: ='List of Courses'!C33 -> Construction Project Management | U28: ='List of Courses'!D33 -> 3 | V28: ='List of Courses'!E33 -> 5 | W28: ='List of Courses'!F33 -> 125 | X28: ='List of Courses'!G33 -> 2 | Y28: ='List of Courses'!H33 -> 2 | Z28: ='List of Courses'!I33 -> 0 | ... AH28: ='List of Courses'!Q33 -> 0
B29: ='List of Courses'!B35 -> CVL282 | C29: ='List of Courses'!C35 -> Civil Engineering Drafting | D29: ='List of Courses'!D35 -> 3 | E29: ='List of Courses'!E35 -> 5 | F29: ='List of Courses'!F35 -> 125 | G29: ='List of Courses'!G35 -> 1 | H29: ='List of Courses'!H35 -> 2 | I29: ='List of Courses'!I35 -> 2 | ... Q29: ='List of Courses'!Q35 -> 0 | S29: ='List of Courses'!B36 -> CVL311 | T29: ='List of Courses'!C36 -> Reinforced Concrete Design-1 | U29: ='List of Courses'!D36 -> 3 | V29: ='List of Courses'!E36 -> 5 | W29: ='List of Courses'!F36 -> 125 | X29: ='List of Courses'!G36 -> 2 | Y29: ='List of Courses'!H36 -> 2 | Z29: ='List of Courses'!I36 -> 0 | ... AH29: ='List of Courses'!Q36 -> 0
B30: ='List of Courses'!B31 -> CVL212 | C30: ='List of Courses'!C31 -> Structural Analysis-2 | D30: ='List of Courses'!D31 -> 3 | E30: ='List of Courses'!E31 -> 5 | F30: ='List of Courses'!F31 -> 125 | G30: ='List of Courses'!G31 -> 2 | H30: ='List of Courses'!H31 -> 2 | I30: ='List of Courses'!I31 -> 0 | ... Q30: ='List of Courses'!Q31 -> 0 | S30: ='List of Courses'!B41 -> CVL321 | T30: ='List of Courses'!C41 -> Engineering Materials-2 | U30: ='List of Courses'!D41 -> 3 | V30: ='List of Courses'!E41 -> 5 | W30: ='List of Courses'!F41 -> 125 | X30: ='List of Courses'!G41 -> 2 | Y30: ='List of Courses'!H41 -> 1 | Z30: ='List of Courses'!I41 -> 1 | ... AH30: ='List of Courses'!Q41 -> 0
B31: ='List of Courses'!B32 -> CVL221 | C31: ='List of Courses'!C32 -> Engineering Materials-1 | D31: ='List of Courses'!D32 -> 3 | E31: ='List of Courses'!E32 -> 5 | F31: ='List of Courses'!F32 -> 125 | G31: ='List of Courses'!G32 -> 2 | H31: ='List of Courses'!H32 -> 1 | I31: ='List of Courses'!I32 -> 1 | ... Q31: ='List of Courses'!Q32 -> 0 | S31: ='List of Courses'!B42 -> CVL331 | T31: ='List of Courses'!C42 -> Construction Engineering & Methods | U31: ='List of Courses'!D42 -> 3 | V31: ='List of Courses'!E42 -> 5 | W31: ='List of Courses'!F42 -> 125 | X31: ='List of Courses'!G42 -> 2 | Y31: ='List of Courses'!H42 -> 2 | Z31: ='List of Courses'!I42 -> 0 | ... AH31: ='List of Courses'!Q42 -> 0
S32: ='List of Courses'!B49 -> CVL391 | T32: ='List of Courses'!C49 -> Practical Training-1 | U32: ='List of Courses'!D49 -> 0 | V32: ='List of Courses'!E49 -> 0 | W32: ='List of Courses'!F49 -> 0 | X32: ='List of Courses'!G49 -> 0 | Y32: ='List of Courses'!H49 -> 0 | Z32: ='List of Courses'!I49 -> 0 | ... AH32: ='List of Courses'!Q49 -> 0
D34: =SUM(D26:D33) -> 18 | E34: =SUM(E26:E33) -> 30 | F34: =SUM(F26:F33) -> 750 | G34: =SUM(G26:G33) -> 11 | H34: =SUM(H26:H33) -> 9 | I34: =SUM(I26:I33) -> 5 | J34: =SUM(J26:J33) -> 25 | U34: =SUM(U26:U33) -> 18 | V34: =SUM(V26:V33) -> 30 | W34: =SUM(W26:W33) -> 750 | X34: =SUM(X26:X33) -> 13 | Y34: =SUM(Y26:Y33) -> 9 | Z34: =SUM(Z26:Z33) -> 1 | AA34: =SUM(AA26:AA33) -> 23
A36: Fall Y3 | B36: Code | C36: Course Title | D36: Credits and SWL | G36: Contact Hours | K36: PreReq. | L36: Univ | M36: EAS | N36: Basic Sc. | O36: Prog | P36: Major | Q36: Elec | R36: Spring Y3 | S36: Code | T36: Course Title | U36: Credits and SWL | X36: Contact Hours | AB36: PreReq. | AC36: Univ | AD36: EAS | AE36: Basic Sc. | AF36: Prog | AG36: Major | AH36: Elec
D37: CH | E37: ECTS | F37: SWL | G37: Lec | H37: Tut | I37: Lab | J37: TT | U37: CH | V37: ECTS | W37: SWL | X37: Lec | Y37: Tut | Z37: Lab | AA37: TT
B38: ='List of Courses'!B37 -> CVL312 | C38: ='List of Courses'!C37 -> Soil Mechanics | D38: ='List of Courses'!D37 -> 3 | E38: ='List of Courses'!E37 -> 5 | F38: ='List of Courses'!F37 -> 125 | G38: ='List of Courses'!G37 -> 2 | H38: ='List of Courses'!H37 -> 1 | I38: ='List of Courses'!I37 -> 1 | ... Q38: ='List of Courses'!Q37 -> 0 | S38: ='List of Courses'!B40 -> CVL315 | T38: ='List of Courses'!C40 -> Structural Steel Design | U38: ='List of Courses'!D40 -> 3 | V38: ='List of Courses'!E40 -> 5 | W38: ='List of Courses'!F40 -> 125 | X38: ='List of Courses'!G40 -> 2 | Y38: ='List of Courses'!H40 -> 2 | Z38: ='List of Courses'!I40 -> 0 | ... AH38: ='List of Courses'!Q40 -> 0
B39: ='List of Courses'!B39 -> CVL314 | C39: ='List of Courses'!C39 -> Reinforced Concrete Design-2 | D39: ='List of Courses'!D39 -> 3 | E39: ='List of Courses'!E39 -> 5 | F39: ='List of Courses'!F39 -> 125 | G39: ='List of Courses'!G39 -> 2 | H39: ='List of Courses'!H39 -> 2 | I39: ='List of Courses'!I39 -> 0 | ... Q39: ='List of Courses'!Q39 -> 0 | S39: ='List of Courses'!B45 -> CVL334 | T39: ='List of Courses'!C45 -> Construction Planning & Scheduling | U39: ='List of Courses'!D45 -> 3 | V39: ='List of Courses'!E45 -> 5 | W39: ='List of Courses'!F45 -> 125 | X39: ='List of Courses'!G45 -> 2 | Y39: ='List of Courses'!H45 -> 1 | Z39: ='List of Courses'!I45 -> 1 | ... AH39: ='List of Courses'!Q45 -> 0
B40: ='List of Courses'!B43 -> CVL332 | C40: ='List of Courses'!C43 -> Quantity Surveying, Estimation and Specifications | D40: ='List of Courses'!D43 -> 3 | E40: ='List of Courses'!E43 -> 5 | F40: ='List of Courses'!F43 -> 125 | G40: ='List of Courses'!G43 -> 2 | H40: ='List of Courses'!H43 -> 2 | I40: ='List of Courses'!I43 -> 0 | ... Q40: ='List of Courses'!Q43 -> 0 | S40: ='List of Courses'!B50 -> CVL392 | T40: ='List of Courses'!C50 -> Practical Training-2 | U40: ='List of Courses'!D50 -> 0 | V40: ='List of Courses'!E50 -> 0 | W40: ='List of Courses'!F50 -> 0 | X40: ='List of Courses'!G50 -> 0 | Y40: ='List of Courses'!H50 -> 0 | Z40: ='List of Courses'!I50 -> 0 | ... AH40: ='List of Courses'!Q50 -> 0
B41: ='List of Courses'!B44 -> CVL333 | C41: ='List of Courses'!C44 -> Civil Engineering Economics | D41: ='List of Courses'!D44 -> 3 | E41: ='List of Courses'!E44 -> 5 | F41: ='List of Courses'!F44 -> 125 | G41: ='List of Courses'!G44 -> 2 | H41: ='List of Courses'!H44 -> 2 | I41: ='List of Courses'!I44 -> 0 | ... Q41: ='List of Courses'!Q44 -> 0 | S41: ='List of Courses'!B51 -> CVL411 | T41: ='List of Courses'!C51 -> Design & Construction of Foundations | U41: ='List of Courses'!D51 -> 3 | V41: ='List of Courses'!E51 -> 5 | W41: ='List of Courses'!F51 -> 125 | X41: ='List of Courses'!G51 -> 2 | Y41: ='List of Courses'!H51 -> 2 | Z41: ='List of Courses'!I51 -> 0 | ... AH41: ='List of Courses'!Q51 -> 0
B42: ='List of Courses'!B46 -> CVL341 | C42: ='List of Courses'!C46 -> Fluid Mechanics | D42: ='List of Courses'!D46 -> 3 | E42: ='List of Courses'!E46 -> 5 | F42: ='List of Courses'!F46 -> 125 | G42: ='List of Courses'!G46 -> 2 | H42: ='List of Courses'!H46 -> 1 | I42: ='List of Courses'!I46 -> 1 | ... Q42: ='List of Courses'!Q46 -> 0 | S42: ='List of Courses'!B57 -> CVL432 | T42: ='List of Courses'!C57 -> Contracts & Commercial Management | U42: ='List of Courses'!D57 -> 3 | V42: ='List of Courses'!E57 -> 5 | W42: ='List of Courses'!F57 -> 125 | X42: ='List of Courses'!G57 -> 2 | Y42: ='List of Courses'!H57 -> 2 | Z42: ='List of Courses'!I57 -> 0 | ... AH42: ='List of Courses'!Q57 -> 0
B43: ='List of Courses'!B56 -> CVL431 | C43: ='List of Courses'!C56 -> Value & Risk Management in Construction | D43: ='List of Courses'!D56 -> 3 | E43: ='List of Courses'!E56 -> 5 | F43: ='List of Courses'!F56 -> 125 | G43: ='List of Courses'!G56 -> 2 | H43: ='List of Courses'!H56 -> 2 | I43: ='List of Courses'!I56 -> 0 | ... Q43: ='List of Courses'!Q56 -> 0 | S43: ='List of Courses'!B63 -> CVL441 | T43: ='List of Courses'!C63 -> Fundamentals of Hydraulic Engineering | U43: ='List of Courses'!D63 -> 3 | V43: ='List of Courses'!E63 -> 5 | W43: ='List of Courses'!F63 -> 125 | X43: ='List of Courses'!G63 -> 2 | Y43: ='List of Courses'!H63 -> 1 | Z43: ='List of Courses'!I63 -> 1 | ... AH43: ='List of Courses'!Q63 -> 0
S44: ='List of Courses'!B64 -> CVL451 | T44: ='List of Courses'!C64 -> Introduction to Transportation & Highway Engineering | U44: ='List of Courses'!D64 -> 3 | V44: ='List of Courses'!E64 -> 5 | W44: ='List of Courses'!F64 -> 125 | X44: ='List of Courses'!G64 -> 2 | Y44: ='List of Courses'!H64 -> 1 | Z44: ='List of Courses'!I64 -> 1 | ... AH44: ='List of Courses'!Q64 -> 0
D46: =SUM(D38:D45) -> 18 | E46: =SUM(E38:E45) -> 30 | F46: =SUM(F38:F45) -> 750 | G46: =SUM(G38:G45) -> 12 | H46: =SUM(H38:H45) -> 10 | I46: =SUM(I38:I45) -> 2 | J46: =SUM(J38:J45) -> 24 | U46: =SUM(U38:U45) -> 18 | V46: =SUM(V38:V45) -> 30 | W46: =SUM(W38:W45) -> 750 | X46: =SUM(X38:X45) -> 12 | Y46: =SUM(Y38:Y45) -> 9 | Z46: =SUM(Z38:Z45) -> 3 | AA46: =SUM(AA38:AA45) -> 24
A48: Fall Y4 | B48: Code | C48: Course Title | D48: Credits and SWL | G48: Contact Hours | K48: PreReq. | L48: Univ | M48: EAS | N48: Basic Sc. | O48: Prog | P48: Major | Q48: Elec | R48: Spring Y4 | S48: Code | T48: Course Title | U48: Credits and SWL | X48: Contact Hours | AB48: PreReq. | AC48: Univ | AD48: EAS | AE48: Basic Sc. | AF48: Prog | AG48: Major | AH48: Elec
D49: CH | E49: ECTS | F49: SWL | G49: Lec | H49: Tut | I49: Lab | J49: TT | U49: CH | V49: ECTS | W49: SWL | X49: Lec | Y49: Tut | Z49: Lab | AA49: TT
B50: ='List of Courses'!B15 -> MTH216 | C50: ='List of Courses'!C15 -> Numerical Methods | D50: ='List of Courses'!D15 -> 3 | E50: ='List of Courses'!E15 -> 5 | F50: ='List of Courses'!F15 -> 125 | G50: ='List of Courses'!G15 -> 2 | H50: ='List of Courses'!H15 -> 2 | I50: ='List of Courses'!I15 -> 0 | ... Q50: ='List of Courses'!Q15 -> 0 | S50: ='List of Courses'!B73 -> CVL E2 | T50: ='List of Courses'!C73 -> Major Elective (2) | U50: ='List of Courses'!D73 -> 3 | V50: ='List of Courses'!E73 -> 5 | W50: ='List of Courses'!F73 -> 125 | X50: ='List of Courses'!G73 -> 2 | Y50: ='List of Courses'!H73 -> 1 | Z50: ='List of Courses'!I73 -> 1 | ... AH50: ='List of Courses'!Q73 -> 1
B51: ='List of Courses'!B58 -> CVL433 | C51: ='List of Courses'!C58 -> Infrastructure Asset Management | D51: ='List of Courses'!D58 -> 3 | E51: ='List of Courses'!E58 -> 5 | F51: ='List of Courses'!F58 -> 125 | G51: ='List of Courses'!G58 -> 2 | H51: ='List of Courses'!H58 -> 2 | I51: ='List of Courses'!I58 -> 0 | ... Q51: ='List of Courses'!Q58 -> 0 | S51: ='List of Courses'!B74 -> CVL E3 | T51: ='List of Courses'!C74 -> Major Elective (3) | U51: ='List of Courses'!D74 -> 3 | V51: ='List of Courses'!E74 -> 5 | W51: ='List of Courses'!F74 -> 125 | X51: ='List of Courses'!G74 -> 2 | Y51: ='List of Courses'!H74 -> 1 | Z51: ='List of Courses'!I74 -> 1 | ... AH51: ='List of Courses'!Q74 -> 1
B52: ='List of Courses'!B59 -> CVL434 | C52: ='List of Courses'!C59 -> Strategic Management in Construction | D52: ='List of Courses'!D59 -> 3 | E52: ='List of Courses'!E59 -> 5 | F52: ='List of Courses'!F59 -> 125 | G52: ='List of Courses'!G59 -> 2 | H52: ='List of Courses'!H59 -> 2 | I52: ='List of Courses'!I59 -> 0 | ... Q52: ='List of Courses'!Q59 -> 0 | S52: ='List of Courses'!B75 -> CVL E4 | T52: ='List of Courses'!C75 -> Major Elective (4) | U52: ='List of Courses'!D75 -> 3 | V52: ='List of Courses'!E75 -> 5 | W52: ='List of Courses'!F75 -> 125 | X52: ='List of Courses'!G75 -> 2 | Y52: ='List of Courses'!H75 -> 1 | Z52: ='List of Courses'!I75 -> 1 | ... AH52: ='List of Courses'!Q75 -> 1
B53: ='List of Courses'!B71 -> MTH E | C53: ='List of Courses'!C71 -> Major Math Elective | D53: ='List of Courses'!D71 -> 3 | E53: ='List of Courses'!E71 -> 5 | F53: ='List of Courses'!F71 -> 125 | G53: ='List of Courses'!G71 -> 2 | H53: ='List of Courses'!H71 -> 2 | I53: ='List of Courses'!I71 -> 0 | ... Q53: ='List of Courses'!Q71 -> 1 | S53: ='List of Courses'!B27 -> INT E2 | T53: ='List of Courses'!C27 -> Sustainable Development Electives | U53: ='List of Courses'!D27 -> 3 | V53: ='List of Courses'!E27 -> 5 | W53: ='List of Courses'!F27 -> 125 | X53: ='List of Courses'!G27 -> 2 | Y53: ='List of Courses'!H27 -> 2 | Z53: ='List of Courses'!I27 -> 0 | ... AG53: ='List of Courses'!P27 -> 0 | AH53: ='List of Courses'!Q71 -> 1
B54: ='List of Courses'!B72 -> CVL E1 | C54: ='List of Courses'!C72 -> Major Elective (1) | D54: ='List of Courses'!D72 -> 3 | E54: ='List of Courses'!E72 -> 5 | F54: ='List of Courses'!F72 -> 125 | G54: ='List of Courses'!G72 -> 2 | H54: ='List of Courses'!H72 -> 1 | I54: ='List of Courses'!I72 -> 1 | ... Q54: ='List of Courses'!Q72 -> 1 | S54: ='List of Courses'!B28 -> EBS111 | T54: ='List of Courses'!C28 -> Selected Topics in Entrepreneurship | U54: ='List of Courses'!D28 -> 3 | V54: ='List of Courses'!E28 -> 5 | W54: ='List of Courses'!F28 -> 125 | X54: ='List of Courses'!G28 -> 2 | Y54: ='List of Courses'!H28 -> 2 | Z54: ='List of Courses'!I28 -> 0 | ... AH54: ='List of Courses'!Q28 -> 0
B55: ='List of Courses'!B68 -> CVL493 | C55: ='List of Courses'!C68 -> Graduation Project I | D55: ='List of Courses'!D68 -> 3 | E55: ='List of Courses'!E68 -> 5 | F55: ='List of Courses'!F68 -> 125 | G55: ='List of Courses'!G68 -> 1 | H55: ='List of Courses'!H68 -> 0 | I55: ='List of Courses'!I68 -> 4 | ... Q55: ='List of Courses'!Q68 -> 0 | S55: ='List of Courses'!B69 -> CVL494 | T55: ='List of Courses'!C69 -> Graduation Project II | U55: ='List of Courses'!D69 -> 3 | V55: ='List of Courses'!E69 -> 5 | W55: ='List of Courses'!F69 -> 125 | X55: ='List of Courses'!G69 -> 1 | Y55: ='List of Courses'!H69 -> 0 | Z55: ='List of Courses'!I69 -> 4 | ... AH55: ='List of Courses'!Q69 -> 0
D57: =SUM(D50:D56) -> 18 | E57: =SUM(E50:E56) -> 30 | F57: =SUM(F50:F56) -> 750 | G57: =SUM(G50:G56) -> 11 | H57: =SUM(H50:H56) -> 9 | I57: =SUM(I50:I56) -> 5 | J57: =SUM(J50:J56) -> 25 | U57: =SUM(U50:U56) -> 18 | V57: =SUM(V50:V56) -> 30 | W57: =SUM(W50:W56) -> 750 | X57: =SUM(X50:X56) -> 11 | Y57: =SUM(Y50:Y56) -> 7 | Z57: =SUM(Z50:Z56) -> 7 | AA57: =SUM(AA50:AA56) -> 25
R59: List of CE Electives | S59: Code | T59: Course Title | U59: Credits and SWL | X59: Contact Hours | AB59: PreReq. | AC59: Univ | AD59: EAS | AE59: Basic Sc. | AF59: Prog | AG59: Major
U60: CH | V60: ECTS | W60: SWL | X60: Lec | Y60: Tut | Z60: Lab | AA60: TT
S61: ='List of Courses'!B48 -> CVL381 | T61: ='List of Courses'!C48 -> Computer Applications in Civil Engineering | U61: ='List of Courses'!D48 -> 3 | V61: ='List of Courses'!E48 -> 5 | W61: ='List of Courses'!F48 -> 125 | X61: ='List of Courses'!G48 -> 2 | Y61: ='List of Courses'!H48 -> 0 | Z61: ='List of Courses'!I48 -> 2 | ... AG61: ='List of Courses'!P48 -> 1
S62: ='List of Courses'!B67 -> CVL481 | T62: ='List of Courses'!C67 -> Advanced Surveying and GIS | U62: ='List of Courses'!D67 -> 3 | V62: ='List of Courses'!E67 -> 5 | W62: ='List of Courses'!F67 -> 125 | X62: ='List of Courses'!G67 -> 1 | Y62: ='List of Courses'!H67 -> 2 | Z62: ='List of Courses'!I67 -> 2 | ... AG62: ='List of Courses'!P67 -> 1
S63: ='List of Courses'!B53 -> CVL413 | T63: ='List of Courses'!C53 -> Repair and Strengthening of Buildings | U63: ='List of Courses'!D53 -> 3 | V63: ='List of Courses'!E53 -> 5 | W63: ='List of Courses'!F53 -> 125 | X63: ='List of Courses'!G53 -> 2 | Y63: ='List of Courses'!H53 -> 2 | Z63: ='List of Courses'!I53 -> 0 | ... AG63: ='List of Courses'!P53 -> 1
S64: ='List of Courses'!B55 -> CVL422 | T64: ='List of Courses'!C55 -> Quality Control of Smart Materials | U64: ='List of Courses'!D55 -> 3 | V64: ='List of Courses'!E55 -> 5 | W64: ='List of Courses'!F55 -> 125 | X64: ='List of Courses'!G55 -> 2 | Y64: ='List of Courses'!H55 -> 2 | Z64: ='List of Courses'!I55 -> 0 | ... AG64: ='List of Courses'!P55 -> 1
S65: ='List of Courses'!B60 -> CVL435 | T65: ='List of Courses'!C60 -> Real Estate & Urban Planning Development | U65: ='List of Courses'!D60 -> 3 | V65: ='List of Courses'!E60 -> 5 | W65: ='List of Courses'!F60 -> 125 | X65: ='List of Courses'!G60 -> 2 | Y65: ='List of Courses'!H60 -> 2 | Z65: ='List of Courses'!I60 -> 0 | ... AG65: ='List of Courses'!P60 -> 1
S66: ='List of Courses'!B61 -> CVL436 | T66: ='List of Courses'!C61 -> Principles of Management & Human Resources | U66: ='List of Courses'!D61 -> 3 | V66: ='List of Courses'!E61 -> 5 | W66: ='List of Courses'!F61 -> 125 | X66: ='List of Courses'!G61 -> 2 | Y66: ='List of Courses'!H61 -> 2 | Z66: ='List of Courses'!I61 -> 0 | ... AG66: ='List of Courses'!P61 -> 1
S67: ='List of Courses'!B62 -> CVL437 | T67: ='List of Courses'!C62 -> Building Information Modeling | U67: ='List of Courses'!D62 -> 3 | V67: ='List of Courses'!E62 -> 5 | W67: ='List of Courses'!F62 -> 125 | X67: ='List of Courses'!G62 -> 1 | Y67: ='List of Courses'!H62 -> 2 | Z67: ='List of Courses'!I62 -> 2 | ... AG67: ='List of Courses'!P62 -> 1
S68: ='List of Courses'!B66 -> CVL462 | T68: ='List of Courses'!C66 -> GIS in Smart Structures and Systems | U68: ='List of Courses'!D66 -> 3 | V68: ='List of Courses'!E66 -> 5 | W68: ='List of Courses'!F66 -> 125 | X68: ='List of Courses'!G66 -> 2 | Y68: ='List of Courses'!H66 -> 2 | Z68: ='List of Courses'!I66 -> 0 | ... AG68: ='List of Courses'!P66 -> 1
S69: ='List of Courses'!B70 -> IND252 | T69: ='List of Courses'!C70 -> Operation Research I | U69: ='List of Courses'!D70 -> 3 | V69: ='List of Courses'!E70 -> 5 | W69: ='List of Courses'!F70 -> 125 | X69: ='List of Courses'!G70 -> 2 | Y69: ='List of Courses'!H70 -> 2 | Z69: ='List of Courses'!I70 -> 0 | ... AG69: ='List of Courses'!P70 -> 1

Sheet List of Courses
B1: List of Courses (courses code is CVL) Program "Civil & Construction Engineering - CCE" Major-1 "Construction Engineering & Management" CEM Major-2 "Smart Structural Engineering" SSE
B2: Code | C2: Course Title | D2: Credits and SWL | G2: Contact Hours | K2: PreReq. | L2: Univ | M2: EAS | N2: Basic Sc. | O2: Prog | P2: Major | Q2: Elec | S2: Color Coding
D3: CH | E3: ECTS | F3: SWL | G3: Lec | H3: Tut | I3: Lab | J3: TT | S3: University Requirements
B4: EGL111 | C4: English I | D4: 0 | E4: 0 | K4: -- | L4: 1 | M4: 0 | N4: 0 | O4: 0 | P4: 0 | Q4: 0 | S4: Faculty of Engineering Requirements
B5: EGL112 | C5: English II | D5: 0 | E5: 0 | K5: =B4 -> EGL111 | L5: 1 | M5: 0 | N5: 0 | O5: 0 | P5: 0 | Q5: 0 | S5: Basic Sciences Requirements
B6: EGL213 | C6: Writing Skills | D6: 3 | E6: 5 | F6: 125 | G6: 3 | H6: 0 | I6: 0 | J6: =G6+(H6+I6) -> 3 | K6: =B5 -> EGL112 | L6: 1 | M6: 0 | N6: 0 | O6: 0 | P6: 0 | Q6: 0 | S6: Program Requirements
B7: EGL214 | C7: Communication and Presentation Skills | D7: 3 | E7: 5 | F7: 125 | G7: 3 | H7: 0 | I7: 0 | J7: =G7+(H7+I7) -> 3 | K7: =B5 -> EGL112 | L7: 1 | M7: 0 | N7: 0 | O7: 0 | P7: 0 | Q7: 0 | S7: Major Requirements (Specialization)
B8: CSC111 | C8: Computer and Information Skills | D8: 3 | E8: 5 | F8: 125 | G8: 1 | H8: 2 | I8: 2 | J8: =G8+(H8+I8) -> 5 | K8: -- | L8: 1 | M8: 0 | N8: 0 | O8: 0 | P8: 0 | Q8: 0 | S8: Major Electives
B9: HUM E1 | C9: Humanities and Social Sciences Electives | D9: 3 | E9: 5 | F9: 125 | G9: 3 | H9: 0 | I9: 0 | J9: =G9+(H9+I9) -> 3 | K9: -- | L9: 1 | M9: 0 | N9: 0 | O9: 0 | P9: 0 | Q9: 1
B10: MTH111 | C10: Analytical Geometry and Calculus I | D10: 3 | E10: 5 | F10: 125 | G10: 2 | H10: 2 | I10: 0 | J10: =G10+(H10+I10) -> 4 | K10: -- | L10: 0 | M10: 1 | N10: 1 | O10: 0 | P10: 0 | Q10: 0
B11: MTH112 | C11: Calculus II | D11: 3 | E11: 5 | F11: 125 | G11: 2 | H11: 2 | I11: 0 | J11: =G11+(H11+I11) -> 4 | K11: MTH111 (CO) | L11: 0 | M11: 0 | N11: 1 | O11: 1 | P11: 0 | Q11: 0
B12: MTH113 | C12: Probability and Statistics | D12: 3 | E12: 5 | F12: 125 | G12: 2 | H12: 2 | I12: 0 | J12: =G12+(H12+I12) -> 4 | K12: -- | L12: 0 | M12: 1 | N12: 1 | O12: 0 | P12: 0 | Q12: 0
B13: MTH214 | C13: Linear Algebra & Introduction to Machine Learning | D13: 3 | E13: 5 | F13: 125 | G13: 2 | H13: 2 | I13: 0 | J13: =G13+(H13+I13) -> 4 | K13: -- | L13: 0 | M13: 1 | N13: 1 | O13: 0 | P13: 0 | Q13: 0
B14: MTH215 | C14: Differential Equations | D14: 3 | E14: 5 | F14: 125 | G14: 2 | H14: 2 | I14: 0 | J14: =G14+(H14+I14) -> 4 | K14: =B11 -> MTH112 | L14: 0 | M14: 0 | N14: 1 | O14: 1 | P14: 0 | Q14: 0
B15: MTH216 | C15: Numerical Methods | D15: 3 | E15: 5 | F15: 125 | G15: 2 | H15: 2 | I15: 0 | J15: =G15+(H15+I15) -> 4 | K15: MTH214 & MTH215 | L15: 0 | M15: 0 | N15: 1 | O15: 1 | P15: 0 | Q15: 0
B16: MTH317 | C16: Introduction to Mathematical Optimization | D16: 3 | E16: 5 | F16: 125 | G16: 2 | H16: 2 | I16: 0 | J16: =G16+(H16+I16) -> 4 | K16: MTH214 | L16: 0 | M16: 0 | N16: 0 | O16: 1 | P16: 0 | Q16: 1
B17: MTH318 | C17: Advanced Numerical Analysis | D17: 3 | E17: 5 | F17: 125 | G17: 2 | H17: 2 | I17: 0 | J17: =G17+(H17+I17) -> 4 | K17: MTH112 & MTH113 | L17: 0 | M17: 0 | N17: 0 | O17: 1 | P17: 0 | Q17: 1
B18: MTH319 | C18: Advanced Probability and Statistics | D18: 3 | E18: 5 | F18: 125 | G18: 2 | H18: 2 | I18: 0 | J18: =G18+(H18+I18) -> 4 | K18: MTH216 | L18: 0 | M18: 0 | N18: 0 | O18: 1 | P18: 0 | Q18: 1
B19: MTH313 | C19: Complex and Special Functions | D19: 3 | E19: 5 | F19: 125 | G19: 2 | H19: 2 | I19: 0 | J19: =G19+(H19+I19) -> 4 | K19: -- | L19: 0 | M19: 0 | N19: 1 | O19: 1 | P19: 0 | Q19: 0
B20: PHY111 | C20: Physics I | D20: 3 | E20: 5 | F20: 125 | G20: 2 | H20: 2 | I20: 1 | J20: =G20+(H20+I20) -> 5 | K20: -- | L20: 0 | M20: 1 | N20: 1 | O20: 0 | P20: 0 | Q20: 0
B21: PHY112 | C21: Physics II | D21: 3 | E21: 5 | F21: 125 | G21: 2 | H21: 1 | I21: 1 | J21: =G21+(H21+I21) -> 4 | K21: -- | L21: 0 | M21: 0 | N21: 1 | O21: 1 | P21: 0 | Q21: 0
B22: CHM111 | C22: Chemistry Principles | D22: 3 | E22: 5 | F22: 125 | G22: 2 | H22: 1 | I22: 1 | J22: =G22+(H22+I22) -> 4 | K22: -- | L22: 0 | M22: 0 | N22: 1 | O22: 1 | P22: 0 | Q22: 0
B23: MEC111 | C23: Engineering Mechanics I - Statics | D23: 3 | E23: 5 | F23: 125 | G23: 2 | H23: 2 | I23: 0 | J23: =G23+(H23+I23) -> 4 | K23: -- | L23: 0 | M23: 1 | N23: 1 | O23: 0 | P23: 0 | Q23: 0
B24: MEC112 | C24: Engineering Mechanics II - Dynamics | D24: 3 | E24: 5 | F24: 125 | G24: 2 | H24: 2 | I24: 0 | J24: =G24+(H24+I24) -> 4 | K24: =B23 -> MEC111 | L24: 0 | M24: 0 | N24: 1 | O24: 1 | P24: 0 | Q24: 0
B25: INT121 | C25: Engineering Drawing | D25: 3 | E25: 5 | F25: 125 | G25: 2 | H25: 0 | I25: 2 | J25: =G25+(H25+I25) -> 4 | K25: -- | L25: 0 | M25: 1 | N25: 0 | O25: 0 | P25: 0 | Q25: 0
B26: INT E1 | C26: Engineering History Electives | D26: 3 | E26: 5 | F26: 125 | G26: 2 | H26: 2 | I26: 0 | J26: =G26+(H26+I26) -> 4 | K26: -- | L26: 0 | M26: 1 | N26: 0 | O26: 0 | P26: 0 | Q26: 1
B27: INT E2 | C27: Sustainable Development Electives | D27: 3 | E27: 5 | F27: 125 | G27: 2 | H27: 2 | I27: 0 | J27: =G27+(H27+I27) -> 4 | K27: -- | L27: 0 | M27: 1 | N27: 0 | O27: 0 | P27: 0 | Q27: 1
B28: EBS111 | C28: Selected Topics in Entrepreneurship | D28: 3 | E28: 5 | F28: 125 | G28: 2 | H28: 2 | I28: 0 | J28: =G28+(H28+I28) -> 4 | K28: -- | L28: 0 | M28: 1 | N28: 0 | O28: 0 | P28: 0 | Q28: 0
B29: ECE151 | C29: Introduction to Programming | D29: 3 | E29: 5 | F29: 125 | G29: 2 | H29: 0 | I29: 2 | J29: =G29+(H29+I29) -> 4 | K29: -- | L29: 0 | M29: 1 | N29: 0 | O29: 0 | P29: 0 | Q29: 0
B30: CVL211 | C30: Structural Analysis-1 | D30: 3 | E30: 5 | F30: 125 | G30: 2 | H30: 2 | I30: 0 | J30: =G30+(H30+I30) -> 4 | K30: =B23 -> MEC111 | L30: 0 | M30: 0 | N30: 0 | O30: 1 | P30: 0 | Q30: 0
B31: CVL212 | C31: Structural Analysis-2 | D31: 3 | E31: 5 | F31: 125 | G31: 2 | H31: 2 | I31: 0 | J31: =G31+(H31+I31) -> 4 | K31: =B30 -> CVL211 | L31: 0 | M31: 0 | N31: 0 | O31: 1 | P31: 0 | Q31: 0
B32: CVL221 | C32: Engineering Materials-1 | D32: 3 | E32: 5 | F32: 125 | G32: 2 | H32: 1 | I32: 1 | J32: =G32+(H32+I32) -> 4 | K32: -- | L32: 0 | M32: 0 | N32: 0 | O32: 1 | P32: 0 | Q32: 0
B33: CVL231 | C33: Construction Project Management | D33: 3 | E33: 5 | F33: 125 | G33: 2 | H33: 2 | I33: 0 | J33: =G33+(H33+I33) -> 4 | K33: -- | L33: 0 | M33: 0 | N33: 0 | O33: 1 | P33: 0 | Q33: 0
B34: CVL281 | C34: Introduction to Surveying | D34: 3 | E34: 5 | F34: 125 | G34: 1 | H34: 2 | I34: 2 | J34: =G34+(H34+I34) -> 5 | K34: -- | L34: 0 | M34: 0 | N34: 0 | O34: 1 | P34: 0 | Q34: 0
B35: CVL282 | C35: Civil Engineering Drafting | D35: 3 | E35: 5 | F35: 125 | G35: 1 | H35: 2 | I35: 2 | J35: =G35+(H35+I35) -> 5 | K35: =B25 -> INT121 | L35: 0 | M35: 0 | N35: 0 | O35: 1 | P35: 0 | Q35: 0
B36: CVL311 | C36: Reinforced Concrete Design-1 | D36: 3 | E36: 5 | F36: 125 | G36: 2 | H36: 2 | I36: 0 | J36: =G36+(H36+I36) -> 4 | K36: =B30 -> CVL211 | L36: 0 | M36: 0 | N36: 0 | O36: 1 | P36: 0 | Q36: 0
B37: CVL312 | C37: Soil Mechanics | D37: 3 | E37: 5 | F37: 125 | G37: 2 | H37: 1 | I37: 1 | J37: =G37+(H37+I37) -> 4 | K37: =B32 -> CVL221 | L37: 0 | M37: 0 | N37: 0 | O37: 1 | P37: 0 | Q37: 0
B38: CVL313 | C38: Structure Analysis-3 | D38: 3 | E38: 5 | F38: 125 | G38: 2 | H38: 2 | I38: 0 | J38: =G38+(H38+I38) -> 4 | K38: =B31 -> CVL212 | L38: 0 | M38: 0 | N38: 0 | O38: 0 | P38: 1 | Q38: 0
B39: CVL314 | C39: Reinforced Concrete Design-2 | D39: 3 | E39: 5 | F39: 125 | G39: 2 | H39: 2 | I39: 0 | J39: =G39+(H39+I39) -> 4 | K39: =B36 -> CVL311 | L39: 0 | M39: 0 | N39: 0 | O39: 1 | P39: 0 | Q39: 0
B40: CVL315 | C40: Structural Steel Design | D40: 3 | E40: 5 | F40: 125 | G40: 2 | H40: 2 | I40: 0 | J40: =G40+(H40+I40) -> 4 | K40: =B31 -> CVL212 | L40: 0 | M40: 0 | N40: 0 | O40: 1 | P40: 0 | Q40: 0
B41: CVL321 | C41: Engineering Materials-2 | D41: 3 | E41: 5 | F41: 125 | G41: 2 | H41: 1 | I41: 1 | J41: =G41+(H41+I41) -> 4 | K41: =B32 -> CVL221 | L41: 0 | M41: 0 | N41: 0 | O41: 1 | P41: 0 | Q41: 0
B42: CVL331 | C42: Construction Engineering & Methods | D42: 3 | E42: 5 | F42: 125 | G42: 2 | H42: 2 | I42: 0 | J42: =G42+(H42+I42) -> 4 | K42: -- | L42: 0 | M42: 0 | N42: 0 | O42: 1 | P42: 0 | Q42: 0
B43: CVL332 | C43: Quantity Surveying, Estimation and Specifications | D43: 3 | E43: 5 | F43: 125 | G43: 2 | H43: 2 | I43: 0 | J43: =G43+(H43+I43) -> 4 | K43: =B33 -> CVL231 | L43: 0 | M43: 0 | N43: 0 | O43: 0 | P43: 1 | Q43: 0
B44: CVL333 | C44: Civil Engineering Economics | D44: 3 | E44: 5 | F44: 125 | G44: 2 | H44: 2 | I44: 0 | J44: =G44+(H44+I44) -> 4 | K44: -- | L44: 0 | M44: 0 | N44: 0 | O44: 0 | P44: 1 | Q44: 0
B45: CVL334 | C45: Construction Planning & Scheduling | D45: 3 | E45: 5 | F45: 125 | G45: 2 | H45: 1 | I45: 1 | J45: =G45+(H45+I45) -> 4 | K45: -- | L45: 0 | M45: 0 | N45: 0 | O45: 0 | P45: 1 | Q45: 0
B46: CVL341 | C46: Fluid Mechanics | D46: 3 | E46: 5 | F46: 125 | G46: 2 | H46: 1 | I46: 1 | J46: =G46+(H46+I46) -> 4 | K46: =B14 -> MTH215 | L46: 0 | M46: 0 | N46: 0 | O46: 1 | P46: 0 | Q46: 0
B47: CVL361 | C47: Python for Structural Programming | D47: 3 | E47: 5 | F47: 125 | G47: 2 | H47: 1 | I47: 1 | J47: =G47+(H47+I47) -> 4 | K47: =B29 -> ECE151 | L47: 0 | M47: 0 | N47: 0 | O47: 0 | P47: 1 | Q47: 0
B48: CVL381 | C48: Computer Applications in Civil Engineering | D48: 3 | E48: 5 | F48: 125 | G48: 2 | H48: 0 | I48: 2 | J48: =G48+(H48+I48) -> 4 | K48: -- | L48: 0 | M48: 0 | N48: 0 | O48: 0 | P48: 1 | Q48: 1
B49: CVL391 | C49: Practical Training-1 | D49: 0 | E49: 0 | K49: -- | L49: 0 | M49: 0 | N49: 0 | O49: 1 | P49: 0 | Q49: 0
B50: CVL392 | C50: Practical Training-2 | D50: 0 | E50: 0 | K50: CVL391 (CO) | L50: 0 | M50: 0 | N50: 0 | O50: 1 | P50: 0 | Q50: 0
B51: CVL411 | C51: Design & Construction of Foundations | D51: 3 | E51: 5 | F51: 125 | G51: 2 | H51: 2 | I51: 0 | J51: =G51+(H51+I51) -> 4 | K51: =B37 -> CVL312 | L51: 0 | M51: 0 | N51: 0 | O51: 1 | P51: 0 | Q51: 0
B52: CVL412 | C52: Reinforced Concrete Design-3 | D52: 3 | E52: 5 | F52: 125 | G52: 2 | H52: 2 | I52: 0 | J52: =G52+(H52+I52) -> 4 | K52: =B39 -> CVL314 | L52: 0 | M52: 0 | N52: 0 | O52: 0 | P52: 1 | Q52: 0
B53: CVL413 | C53: Repair and Strengthening of Buildings | D53: 3 | E53: 5 | F53: 125 | G53: 2 | H53: 2 | I53: 0 | J53: =G53+(H53+I53) -> 4 | K53: =B51 -> CVL411 | L53: 0 | M53: 0 | N53: 0 | O53: 0 | P53: 1 | Q53: 0
B54: CVL421 | C54: Smart Buildings and Materials | D54: 3 | E54: 5 | F54: 125 | G54: 2 | H54: 2 | I54: 0 | J54: =G54+(H54+I54) -> 4 | K54: =B41 -> CVL321 | L54: 0 | M54: 0 | N54: 0 | O54: 0 | P54: 1 | Q54: 0
B55: CVL422 | C55: Quality Control of Smart Materials | D55: 3 | E55: 5 | F55: 125 | G55: 2 | H55: 2 | I55: 0 | J55: =G55+(H55+I55) -> 4 | K55: -- | L55: 0 | M55: 0 | N55: 0 | O55: 0 | P55: 1 | Q55: 1
B56: CVL431 | C56: Value & Risk Management in Construction | D56: 3 | E56: 5 | F56: 125 | G56: 2 | H56: 2 | I56: 0 | J56: =G56+(H56+I56) -> 4 | K56: =B42 -> CVL331 | L56: 0 | M56: 0 | N56: 0 | O56: 0 | P56: 1 | Q56: 0
B57: CVL432 | C57: Contracts & Commercial Management | D57: 3 | E57: 5 | F57: 125 | G57: 2 | H57: 2 | I57: 0 | J57: =G57+(H57+I57) -> 4 | K57: -- | L57: 0 | M57: 0 | N57: 0 | O57: 0 | P57: 1 | Q57: 0
B58: CVL433 | C58: Infrastructure Asset Management | D58: 3 | E58: 5 | F58: 125 | G58: 2 | H58: 2 | I58: 0 | J58: =G58+(H58+I58) -> 4 | K58: =B56 -> CVL431 | L58: 0 | M58: 0 | N58: 0 | O58: 0 | P58: 1 | Q58: 0
B59: CVL434 | C59: Strategic Management in Construction | D59: 3 | E59: 5 | F59: 125 | G59: 2 | H59: 2 | I59: 0 | J59: =G59+(H59+I59) -> 4 | K59: =B57 -> CVL432 | L59: 0 | M59: 0 | N59: 0 | O59: 0 | P59: 1 | Q59: 0
B60: CVL435 | C60: Real Estate & Urban Planning Development | D60: 3 | E60: 5 | F60: 125 | G60: 2 | H60: 2 | I60: 0 | J60: =G60+(H60+I60) -> 4 | K60: -- | L60: 0 | M60: 0 | N60: 0 | O60: 0 | P60: 1 | Q60: 1
B61: CVL436 | C61: Principles of Management & Human Resources | D61: 3 | E61: 5 | F61: 125 | G61: 2 | H61: 2 | I61: 0 | J61: =G61+(H61+I61) -> 4 | K61: -- | L61: 0 | M61: 0 | N61: 0 | O61: 0 | P61: 1 | Q61: 1
B62: CVL437 | C62: Building Information Modeling | D62: 3 | E62: 5 | F62: 125 | G62: 1 | H62: 2 | I62: 2 | J62: =G62+(H62+I62) -> 5 | K62: -- | L62: 0 | M62: 0 | N62: 0 | O62: 0 | P62: 1 | Q62: 1
B63: CVL441 | C63: Fundamentals of Hydraulic Engineering | D63: 3 | E63: 5 | F63: 125 | G63: 2 | H63: 1 | I63: 1 | J63: =G63+(H63+I63) -> 4 | K63: =B46 -> CVL341 | L63: 0 | M63: 0 | N63: 0 | O63: 1 | P63: 0 | Q63: 0
B64: CVL451 | C64: Introduction to Transportation & Highway Engineering | D64: 3 | E64: 5 | F64: 125 | G64: 2 | H64: 1 | I64: 1 | J64: =G64+(H64+I64) -> 4 | K64: -- | L64: 0 | M64: 0 | N64: 0 | O64: 1 | P64: 0 | Q64: 0
B65: CVL461 | C65: Smart Cities and Intelligent Systems | D65: 3 | E65: 5 | F65: 125 | G65: 2 | H65: 2 | I65: 0 | J65: =G65+(H65+I65) -> 4 | K65: -- | L65: 0 | M65: 0 | N65: 0 | O65: 0 | P65: 1 | Q65: 0
B66: CVL462 | C66: GIS in Smart Structures and Systems | D66: 3 | E66: 5 | F66: 125 | G66: 2 | H66: 2 | I66: 0 | J66: =G66+(H66+I66) -> 4 | K66: -- | L66: 0 | M66: 0 | N66: 0 | O66: 0 | P66: 1 | Q66: 1
B67: CVL481 | C67: Advanced Surveying and GIS | D67: 3 | E67: 5 | F67: 125 | G67: 1 | H67: 2 | I67: 2 | J67: =G67+(H67+I67) -> 5 | K67: =B34 -> CVL281 | L67: 0 | M67: 0 | N67: 0 | O67: 0 | P67: 1 | Q67: 1
B68: CVL493 | C68: Graduation Project I | D68: 3 | E68: 5 | F68: 125 | G68: 1 | H68: 0 | I68: 4 | J68: =G68+(H68+I68) -> 5 | K68: -- | L68: 0 | M68: 0 | N68: 0 | O68: 1 | P68: 0 | Q68: 0
B69: CVL494 | C69: Graduation Project II | D69: 3 | E69: 5 | F69: 125 | G69: 1 | H69: 0 | I69: 4 | J69: =G69+(H69+I69) -> 5 | K69: CVL493 (CO) | L69: 0 | M69: 0 | N69: 0 | O69: 1 | P69: 0 | Q69: 0
B70: IND252 | C70: Operation Research I | D70: 3 | E70: 5 | F70: 125 | G70: 2 | H70: 2 | I70: 0 | J70: =G70+(H70+I70) -> 4 | K70: =B13 -> MTH214 | L70: 0 | M70: 0 | N70: 0 | O70: 0 | P70: 1 | Q70: 1
B71: MTH E | C71: Major Math Elective | D71: 3 | E71: 5 | F71: 125 | G71: 2 | H71: 2 | I71: 0 | J71: =G71+(H71+I71) -> 4 | K71: List | L71: 0 | M71: 0 | N71: 0 | O71: 0 | P71: 1 | Q71: 1
B72: CVL E1 | C72: Major Elective (1) | D72: 3 | E72: 5 | F72: 125 | G72: 2 | H72: 1 | I72: 1 | J72: =G72+(H72+I72) -> 4 | K72: List | L72: 0 | M72: 0 | N72: 0 | O72: 0 | P72: 1 | Q72: 1
B73: CVL E2 | C73: Major Elective (2) | D73: 3 | E73: 5 | F73: 125 | G73: 2 | H73: 1 | I73: 1 | J73: =G73+(H73+I73) -> 4 | K73: List | L73: 0 | M73: 0 | N73: 0 | O73: 0 | P73: 1 | Q73: 1
B74: CVL E3 | C74: Major Elective (3) | D74: 3 | E74: 5 | F74: 125 | G74: 2 | H74: 1 | I74: 1 | J74: =G74+(H74+I74) -> 4 | K74: List | L74: 0 | M74: 0 | N74: 0 | O74: 0 | P74: 1 | Q74: 1
B75: CVL E4 | C75: Major Elective (4) | D75: 3 | E75: 5 | F75: 125 | G75: 2 | H75: 1 | I75: 1 | J75: =G75+(H75+I75) -> 4 | K75: List | L75: 0 | M75: 0 | N75: 0 | O75: 0 | P75: 1 | Q75: 1

Sheet Major-2 (NARS)
A2: LEVEL | B2: SEMESTER | C2: Code | D2: Title | E2: Lec | F2: Tut | G2: Lab | H2: Prerequisites | I2: Com. Uni. | J2: Elec. Univ. | K2: Com. College | L2: Com. Discipline | M2: Major Req. | N2: Elec Major | O2: Hum. & Social Sci. | P2: Math & Basic Sci. | Q2: Basic Eng. Sci. | R2: Computer App. | S2: Applied Eng. Sci. | T2: Project & PT | U2: Discretional
A3: 1 | B3: 1 | C3: EGL 111 | D3: English I | H3: TOFEL>500 | I3: 0 | O3: 0
A4: 1 | B4: 2 | C4: EGL 112 | D4: English II | H4: EGL111 | I4: 0 | O4: 0
A5: 2 | B5: 3 | C5: EGL 213 | D5: Writing Skills | E5: 3 | F5: 0 | G5: 0 | H5: EGL112 | I5: 3 | O5: 3
A6: 2 | B6: 4 | C6: EGL 214 | D6: Communication and Presentation Skills | E6: 3 | F6: 0 | G6: 0 | H6: EGL112 | I6: 3 | O6: 3
A7: 1 | B7: 1 | C7: CSC 111 | D7: Computer and Information Skills | E7: 1 | F7: 2 | G7: 2 | I7: 3 | R7: 3
A8: 1 | B8: 2 | C8: HUM E1 | D8: Humanities and Social Sciences Electives | E8: 3 | F8: 0 | G8: 0 | J8: 3 | O8: 3
A9: 1 | B9: 2 | C9: ECE 151 | D9: Introduction to Programming | E9: 2 | F9: 0 | G9: 2 | K9: 3 | R9: 3
A10: 1 | B10: 1 | C10: INT E1 | D10: Engineering History Electives | E10: 2 | F10: 2 | G10: 0 | J10: 3 | O10: 3
A11: 1 | B11: 8 | C11: EBS 111 | D11: Selected Topics in Entrepreneurship | E11: 2 | F11: 2 | G11: 0 | K11: 3 | O11: 3
A12: 4 | B12: 8 | C12: INT E2 | D12: Sustainable Development Electives | E12: 2 | F12: 2 | G12: 0 | J12: 3 | S12: 3
A13: 1 | B13: 1 | C13: MTH 111 | D13: Analytical Geometry and Calculus I | E13: 2 | F13: 2 | G13: 0 | K13: 3 | P13: 3
A14: 1 | B14: 2 | C14: MTH 113 | D14: Probability & Statistics for Engineers | E14: 2 | F14: 2 | G14: 0 | K14: 3 | P14: 3
A15: 2 | B15: 3 | C15: MTH 214 | D15: Linear Algebra & Introduction to Machine Learning | E15: 2 | F15: 2 | G15: 0 | K15: 3 | P15: 3
A16: 1 | B16: 1 | C16: MEC 111 | D16: Engineering Mechanics I | E16: 2 | F16: 2 | G16: 0 | K16: 3 | P16: 3
A17: 1 | B17: 1 | C17: INT 121 | D17: Engineering Drawing | E17: 2 | F17: 0 | G17: 2 | K17: 3 | Q17: 3
A18: 1 | B18: 1 | C18: PHY 111 | D18: Physics I | E18: 2 | F18: 2 | G18: 1 | K18: 3 | P18: 3
A19: 2 | B19: 2 | C19: CVL 211 | D19: Structural Analysis-1 | E19: 2 | F19: 2 | G19: 0 | H19: MEC111 | L19: 3 | Q19: 3
A20: 2 | B20: 3 | C20: CVL 212 | D20: Structural Analysis-2 | E20: 2 | F20: 2 | G20: 0 | H20: CVL211 | L20: 3 | Q20: 3
A21: 2 | B21: 3 | C21: CVL 221 | D21: Engineering Materials-1 | E21: 2 | F21: 1 | G21: 1 | L21: 3 | Q21: 3
A22: 2 | B22: 4 | C22: CVL 231 | D22: Construction Project Management | E22: 2 | F22: 2 | G22: 0 | L22: 3 | Q22: 3
A23: 2 | B23: 3 | C23: CVL 281 | D23: Introduction to Surveying | E23: 1 | F23: 2 | G23: 2 | L23: 3 | Q23: 3
A24: 2 | B24: 3 | C24: CVL 282 | D24: Civil Engineering Drafting | E24: 1 | F24: 2 | G24: 2 | H24: MEC121 | L24: 3 | Q24: 3
A25: 3 | B25: 4 | C25: CVL 311 | D25: Reinforced Concrete Design-1 | E25: 2 | F25: 2 | G25: 0 | H25: CVL211 | L25: 3 | R25: 3
A26: 3 | B26: 5 | C26: CVL 312 | D26: Soil Mechanics | E26: 2 | F26: 1 | G26: 1 | H26: CVL221 | L26: 3 | S26: 3
A27: 3 | B27: 5 | C27: CVL 314 | D27: Reinforced Concrete Design-2 | E27: 2 | F27: 2 | G27: 0 | H27: CVL311 | L27: 3 | S27: 3
A28: 3 | B28: 6 | C28: CVL 315 | D28: Structural Steel Design | E28: 2 | F28: 2 | G28: 0 | H28: CVL212 | L28: 3 | S28: 3
A29: 3 | B29: 4 | C29: CVL 321 | D29: Engineering Materials-2 | E29: 2 | F29: 1 | G29: 1 | H29: CVL221 | L29: 3 | Q29: 3
A30: 3 | B30: 4 | C30: CVL 331 | D30: Construction Engineering and Methods | E30: 2 | F30: 2 | G30: 0 | L30: 3 | Q30: 3
A31: 3 | B31: 5 | C31: CVL 341 | D31: Fluid Mechanics | E31: 2 | F31: 1 | G31: 1 | H31: MTH215 | L31: 3 | Q31: 3
A32: 3 | B32: 4 | C32: CVL 391 | D32: Practical Training -1 | L32: 0 | T32: 0
A33: 3 | B33: 6 | C33: CVL 392 | D33: Practical Training -2 | H33: CVL391 (CO) | L33: 0 | T33: 0
A34: 4 | B34: 6 | C34: CVL 411 | D34: Design and Construction of Foundations | E34: 2 | F34: 2 | G34: 0 | H34: CVL312 | L34: 3 | S34: 3
A35: 4 | B35: 6 | C35: CVL 441 | D35: Fundamentals of Hydraulic Engineering | E35: 2 | F35: 1 | G35: 1 | H35: CVL341 | L35: 3 | Q35: 3
A36: 4 | B36: 6 | C36: CVL 451 | D36: Introduction to Transportation and Highway Engineering | E36: 2 | F36: 1 | G36: 1 | L36: 3 | Q36: 3
A37: 4 | B37: 7 | C37: CVL 493 | D37: Graduation Project I | E37: 1 | F37: 0 | G37: 4 | L37: 3 | T37: 3
A38: 4 | B38: 8 | C38: CVL 494 | D38: Graduation Project II | E38: 1 | F38: 0 | G38: 4 | H38: CVL493 (CO) | L38: 3 | T38: 3
A39: 1 | B39: 2 | C39: CHM 111 | D39: Chemistry | E39: 2 | F39: 1 | G39: 1 | L39: 3 | P39: 3
A40: 1 | B40: 2 | C40: MTH 112 | D40: Calculus II | E40: 2 | F40: 2 | G40: 0 | H40: MTH111 (CO) | L40: 3 | P40: 3
A41: 2 | B41: 4 | C41: MTH 215 | D41: Differential Equations | E41: 2 | F41: 2 | G41: 0 | H41: MTH112 | L41: 3 | P41: 3
A42: 2 | B42: 7 | C42: MTH 216 | D42: Numerical Methods | E42: 2 | F42: 2 | G42: 0 | H42: MTH214 & MTH215 | L42: 3 | P42: 3
A43: 3 | B43: 5 | C43: CVL 313 | D43: Structure Analysis-3 | E43: 2 | F43: 2 | G43: 0 | H43: CVL212 | M43: 3 | Q43: 3
A44: 3 | B44: 5 | C44: CVL 332 | D44: Quantity Surveying, Estimation and Specifications | E44: 2 | F44: 2 | G44: 0 | M44: 3 | S44: 3
A45: 3 | B45: 6 | C45: CVL 361 | D45: Python for Structural Programming | E45: 2 | F45: 1 | G45: 1 | H45: ECE151 | M45: 3 | S45: 3
A46: 4 | B46: 6 | C46: CVL 412 | D46: Reinforced Concrete Design-3 | E46: 2 | F46: 2 | G46: 0 | H46: CVL314 | M46: 3 | S46: 3
A47: 4 | B47: 7 | C47: CVL 413 | D47: Repair and Strengthening of Buildings | E47: 2 | F47: 2 | G47: 0 | H47: CVL411 | M47: 3 | S47: 3
A48: 4 | B48: 7 | C48: CVL 421 | D48: Smart Buildings and Materials | E48: 2 | F48: 2 | G48: 0 | H48: CVL321 | M48: 3 | S48: 3
A49: 4 | B49: 5 | C49: CVL 461 | D49: Smart Cities and Intelligent Systems | E49: 2 | F49: 2 | G49: 0 | M49: 3 | S49: 3
A50: 4 | B50: 7 | C50: MTH E | D50: Major Math Elective | E50: 2 | F50: 2 | G50: 0 | N50: 3 | P50: 3
A51: 4 | B51: 7 | C51: CVL E1 | D51: Major Elective (1) | E51: 2 | F51: 1 | G51: 1 | N51: 3 | S51: 3
A52: 4 | B52: 8 | C52: CVL E2 | D52: Major Elective (2) | E52: 2 | F52: 1 | G52: 1 | N52: 3 | S52: 3
A53: 4 | B53: 8 | C53: CVL E3 | D53: Major Elective (3) | E53: 2 | F53: 1 | G53: 1 | N53: 3 | S53: 3
A54: 4 | B54: 8 | C54: CVL E4 | D54: Major Elective (4) | E54: 2 | F54: 1 | G54: 1 | N54: 3 | S54: 3
I55: =SUM(I3:I54) -> 9 | J55: =SUM(J3:J54) -> 9 | K55: =SUM(K3:K54) -> 24 | L55: =SUM(L3:L54) -> 66 | M55: =SUM(M3:M54) -> 21 | N55: =SUM(N3:N54) -> 15 | O55: =SUM(O3:O54) -> 15 | P55: =SUM(P3:P54) -> 30 | ... U55: =SUM(U3:U54) -> 0
I56: =I55/144 -> 0.0625 | J56: =J55/144 -> 0.0625 | K56: =K55/144 -> 0.16666667 | L56: =L55/144 -> 0.45833333 | M56: =M55/144 -> 0.14583333 | N56: =N55/144 -> 0.10416667 | O56: =O55/144 -> 0.10416667 | P56: =P55/144 -> 0.20833333 | ... U56: =U55/144 -> 0
I58: =SUM(I56:N56) -> 1 | O58: =SUM(O56:U56) -> 1
I59: =SUM(I55:N55) -> 144 | O59: =SUM(O55:U55) -> 144

Sheet Major-2 (Competencies)
A1: Color Coding
A2: University Requirements
A3: Faculty of Engineering Requirements | E3: Lec | F3: Tut | G3: Lab | H3: CH | I3: ECTS | J3: SWL | N3: U1 | O3: U2 | P3: U3 | Q3: U4 | R3: U5 | S3: U6 | T3: A1 | U3: A2 | V3: A3 | W3: A4 | X3: A5 | Y3: A6 | Z3: A7 | AA3: A8 | AB3: A9 | AC3: A 10 | AD3: B1 | AE3: B2 | AF3: B3 | AG3: B4 | AH3: C1 | AI3: C2 | AJ3: C3 | AK3: C4 | AL3: C5
A4: Basic Sciences Requirements | C4: EGL 111 | D4: English I | H4: 0 | I4: 0 | L4: CVL 211 | M4: Structural Analysis-1 | T4: X | AD4: X | AE4: X | AM4: =COUNTIF(N4:AL4,"*X*") -> 3
A5: Program Requirements | C5: EGL 112 | D5: English II | H5: 0 | I5: 0 | L5: CVL 212 | M5: Structural Analysis-2 | T5: X | AD5: X | AE5: X | AM5: =COUNTIF(N5:AL5,"*X*") -> 3
A6: Major Requirements (Specialization) | C6: EGL 213 | D6: Writing Skills | E6: 3 | F6: 0 | G6: 0 | H6: 3 | I6: 5 | J6: 125 | L6: CVL 221 | M6: Engineering Materials-1 | U6: X | AD6: X | AF6: X | AM6: =COUNTIF(N6:AL6,"*X*") -> 3
A7: Major Electives | C7: EGL 214 | D7: Communication and Presentation Skills | E7: 3 | F7: 0 | G7: 0 | H7: 3 | I7: 5 | J7: 125 | L7: CVL 231 | M7: Construction Project Management | W7: X | AF7: X | AG7: X | AM7: =COUNTIF(N7:AL7,"*X*") -> 3
C8: CSC 111 | D8: Computer and Information Skills | E8: 1 | F8: 2 | G8: 2 | H8: 3 | I8: 5 | J8: 125 | L8: CVL 281 | M8: Introduction to Surveying | Y8: X | Z8: X | AD8: X | AM8: =COUNTIF(N8:AL8,"*X*") -> 3
C9: HUM E1 | D9: Humanities and Social Sciences Electives | E9: 3 | F9: 0 | G9: 0 | H9: 3 | I9: 5 | J9: 125 | L9: CVL 282 | M9: Civil Engineering Drafting | Y9: X | AA9: X | AD9: X | AM9: =COUNTIF(N9:AL9,"*X*") -> 3
D10: =COUNTA(D4:D9) -> 6 | E10: =SUM(E4:E9) -> 10 | F10: =SUM(F4:F9) -> 2 | G10: =SUM(G4:G9) -> 2 | H10: =SUM(H4:H9) -> 12 | I10: =SUM(I4:I9) -> 20 | J10: =SUM(J4:J9) -> 500 | L10: CVL 311 | M10: Reinforced Concrete Design-1 | V10: X | W10: X | AE10: X | AM10: =COUNTIF(N10:AL10,"*X*") -> 3
C11: MTH 111 | D11: Analytical Geometry and Calculus I | E11: 2 | F11: 2 | G11: 0 | H11: 3 | I11: 5 | J11: 125 | L11: CVL 312 | M11: Soil Mechanics | U11: X | AD11: X | AE11: X | AM11: =COUNTIF(N11:AL11,"*X*") -> 3
C12: MTH 113 | D12: Probability & Statistics for Engineers | E12: 2 | F12: 2 | G12: 0 | H12: 3 | I12: 5 | J12: 125 | L12: CVL 314 | M12: Reinforced Concrete Design-2 | V12: X | W12: X | AE12: X | AM12: =COUNTIF(N12:AL12,"*X*") -> 3
C13: MTH 214 | D13: Linear Algebra & Introduction to Machine Learning | E13: 2 | F13: 2 | G13: 0 | H13: 3 | I13: 5 | J13: 125 | L13: CVL 315 | M13: Structural Steel Design | V13: X | W13: X | AE13: X | AM13: =COUNTIF(N13:AL13,"*X*") -> 3
C14: MEC 111 | D14: Engineering Mechanics I | E14: 2 | F14: 2 | G14: 0 | H14: 3 | I14: 5 | J14: 125 | L14: CVL 321 | M14: Engineering Materials-2 | U14: X | AD14: X | AF14: X | AM14: =COUNTIF(N14:AL14,"*X*") -> 3
C15: INT 121 | D15: Engineering Drawing | E15: 2 | F15: 0 | G15: 2 | H15: 3 | I15: 5 | J15: 125 | L15: CVL 331 | M15: Construction Engineering and Methods | V15: X | AD15: X | AF15: X | AM15: =COUNTIF(N15:AL15,"*X*") -> 3
C16: PHY 111 | D16: Physics I | E16: 2 | F16: 2 | G16: 1 | H16: 3 | I16: 5 | J16: 125 | L16: CVL 341 | M16: Fluid Mechanics | T16: X | AD16: X | AE16: X | AM16: =COUNTIF(N16:AL16,"*X*") -> 3
C17: ECE 151 | D17: Introduction to Programming | E17: 2 | F17: 0 | G17: 2 | H17: 3 | I17: 5 | J17: 125 | L17: CVL 391 | M17: Practical Training -1 | Y17: X | Z17: X | AF17: X | AM17: =COUNTIF(N17:AL17,"*X*") -> 3
C18: INT E1 | D18: Engineering History Electives | E18: 2 | F18: 2 | G18: 0 | H18: 3 | I18: 5 | J18: 125 | L18: CVL 392 | M18: Practical Training -2 | Y18: X | Z18: X | AF18: X | AM18: =COUNTIF(N18:AL18,"*X*") -> 3
C19: INT E2 | D19: Sustainable Development Electives | E19: 2 | F19: 2 | G19: 0 | H19: 3 | I19: 5 | J19: 125 | L19: CVL 411 | M19: Design and Construction of Foundations | V19: X | W19: X | AE19: X | AM19: =COUNTIF(N19:AL19,"*X*") -> 3
C20: EBS 111 | D20: Selected Topics in Entrepreneurship | E20: 2 | F20: 2 | G20: 0 | H20: 3 | I20: 5 | J20: 125 | L20: CVL 441 | M20: Fundamentals of Hydraulic Engineering | U20: X | AD20: X | AE20: X | AM20: =COUNTIF(N20:AL20,"*X*") -> 3
D21: =COUNTA(D11:D20) -> 10 | E21: =SUM(E11:E20) -> 20 | F21: =SUM(F11:F20) -> 16 | G21: =SUM(G11:G20) -> 5 | H21: =SUM(H11:H20) -> 30 | I21: =SUM(I11:I20) -> 50 | J21: =SUM(J11:J20) -> 1250 | L21: CVL 451 | M21: Introduction to Transportation and Highway Engineering | V21: X | AE21: X | AF21: X | AM21: =COUNTIF(N21:AL21,"*X*") -> 3
C22: CVL 211 | D22: Structural Analysis-1 | E22: 2 | F22: 2 | G22: 0 | H22: 3 | I22: 5 | J22: 125 | L22: CVL 493 | M22: Graduation Project I | X22: X | AA22: X | AC22: X | AE22: X | AM22: =COUNTIF(N22:AL22,"*X*") -> 4
C23: CVL 212 | D23: Structural Analysis-2 | E23: 2 | F23: 2 | G23: 0 | H23: 3 | I23: 5 | J23: 125 | L23: CVL 494 | M23: Graduation Project II | AA23: X | AB23: X | AC23: X | AE23: X | AM23: =COUNTIF(N23:AL23,"*X*") -> 4
C24: CVL 221 | D24: Engineering Materials-1 | E24: 2 | F24: 1 | G24: 1 | H24: 3 | I24: 5 | J24: 125 | L24: CHM 111 | M24: Chemistry | T24: X | U24: X | W24: X | AM24: =COUNTIF(N24:AL24,"*X*") -> 3
C25: CVL 231 | D25: Construction Project Management | E25: 2 | F25: 2 | G25: 0 | H25: 3 | I25: 5 | J25: 125 | L25: MTH 112 | M25: Calculus II | T25: X | U25: X | X25: X | AM25: =COUNTIF(N25:AL25,"*X*") -> 3
C26: CVL 281 | D26: Introduction to Surveying | E26: 1 | F26: 2 | G26: 2 | H26: 3 | I26: 5 | J26: 125 | L26: MTH 215 | M26: Differential Equations | T26: X | U26: X | X26: X | AM26: =COUNTIF(N26:AL26,"*X*") -> 3
C27: CVL 282 | D27: Civil Engineering Drafting | E27: 1 | F27: 2 | G27: 2 | H27: 3 | I27: 5 | J27: 125 | L27: MTH 216 | M27: Numerical Methods | U27: X | V27: X | AM27: =COUNTIF(N27:AL27,"*X*") -> 2
C28: CVL 311 | D28: Reinforced Concrete Design-1 | E28: 2 | F28: 2 | G28: 0 | H28: 3 | I28: 5 | J28: 125 | L28: CVL 313 | M28: Structure Analysis-3 | AD28: X | AH28: X | AM28: =COUNTIF(N28:AL28,"*X*") -> 2
C29: CVL 312 | D29: Soil Mechanics | E29: 2 | F29: 1 | G29: 1 | H29: 3 | I29: 5 | J29: 125 | L29: CVL 332 | M29: Quantity Surveying, Estimation and Specifications | AF29: X | AG29: X | AJ29: X | AM29: =COUNTIF(N29:AL29,"*X*") -> 3
C30: CVL 314 | D30: Reinforced Concrete Design-2 | E30: 2 | F30: 2 | G30: 0 | H30: 3 | I30: 5 | J30: 125 | L30: CVL 361 | M30: Python for Structural Programming | AD30: X | AI30: X | AM30: =COUNTIF(N30:AL30,"*X*") -> 2
C31: CVL 315 | D31: Structural Steel Design | E31: 2 | F31: 2 | G31: 0 | H31: 3 | I31: 5 | J31: 125 | L31: CVL 412 | M31: Reinforced Concrete Design-3 | V31: X | AE31: X | AH31: X | AL31: X | AM31: =COUNTIF(N31:AL31,"*X*") -> 4
C32: CVL 321 | D32: Engineering Materials-2 | E32: 2 | F32: 1 | G32: 1 | H32: 3 | I32: 5 | J32: 125 | L32: CVL 413 | M32: Repair and Strengthening of Buildings | AD32: X | AF32: X | AK32: X | AM32: =COUNTIF(N32:AL32,"*X*") -> 3
C33: CVL 331 | D33: Construction Engineering and Methods | E33: 2 | F33: 2 | G33: 0 | H33: 3 | I33: 5 | J33: 125 | L33: CVL 421 | M33: Smart Buildings and Materials | AD33: X | AK33: X | AL33: X | AM33: =COUNTIF(N33:AL33,"*X*") -> 3
C34: CVL 341 | D34: Fluid Mechanics | E34: 2 | F34: 1 | G34: 1 | H34: 3 | I34: 5 | J34: 125 | L34: CVL 461 | M34: Smart Cities and Intelligent Systems | AF34: X | AI34: X | AK34: X | AM34: =COUNTIF(N34:AL34,"*X*") -> 3
C35: CVL 391 | D35: Practical Training-1 | H35: 0 | I35: 0 | L35: MTH 317 | M35: Introduction to Mathematical Optimization | T35: X | AD35: X | AI35: X | AM35: =COUNTIF(N35:AL35,"*X*") -> 3
C36: CVL 392 | D36: Practical Training-2 | H36: 0 | I36: 0 | L36: MTH 318 | M36: Advanced Probability and Statstics | T36: X | AD36: X | AI36: X | AM36: =COUNTIF(N36:AL36,"*X*") -> 3
C37: CVL 411 | D37: Design and Construction of Foundations | E37: 2 | F37: 2 | G37: 0 | H37: 3 | I37: 5 | J37: 125 | L37: MTH 319 | M37: Advanced Numerical Analysis | T37: X | AD37: X | AI37: X | AM37: =COUNTIF(N37:AL37,"*X*") -> 3
C38: CVL 441 | D38: Fundamentals of Hydraulic Engineering | E38: 2 | F38: 1 | G38: 1 | H38: 3 | I38: 5 | J38: 125 | L38: CVL 381 | M38: Computer applications in civil engineering | Z38: X | AD38: X | AM38: =COUNTIF(N38:AL38,"*X*") -> 2
C39: CVL 451 | D39: Introduction to Transportation and Highway Engineering | E39: 2 | F39: 1 | G39: 1 | H39: 3 | I39: 5 | J39: 125 | L39: CVL 333 | M39: Civil Engineering Economics | AG39: X | AJ39: X | AM39: =COUNTIF(N39:AL39,"*X*") -> 2
C40: CVL 493 | D40: Graduation Project I | E40: 1 | F40: 0 | G40: 4 | H40: 3 | I40: 5 | J40: 125 | L40: CVL 334 | M40: Construction Planning and Scheduling | AF40: X | AJ40: X | AK40: X | AM40: =COUNTIF(N40:AL40,"*X*") -> 3
C41: CVL 494 | D41: Graduation Project II | E41: 1 | F41: 0 | G41: 4 | H41: 3 | I41: 5 | J41: 125 | L41: CVL 422 | M41: Quality Control of Smart Materials | AD41: X | AK41: X | AM41: =COUNTIF(N41:AL41,"*X*") -> 2
C42: CHM 111 | D42: Chemistry | E42: 2 | F42: 1 | G42: 1 | H42: 3 | I42: 5 | J42: 125 | L42: CVL 435 | M42: Real Estate & Urban Planning Development | AG42: X | AI42: X | AJ42: X | AL42: X | AM42: =COUNTIF(N42:AL42,"*X*") -> 4
C43: MTH 112 | D43: Calculus II | E43: 2 | F43: 2 | G43: 0 | H43: 3 | I43: 5 | J43: 125 | L43: CVL 437 | M43: Building Information Modeling | AD43: X | AE43: X | AJ43: X | AM43: =COUNTIF(N43:AL43,"*X*") -> 3
C44: MTH 215 | D44: Differential Equations | E44: 2 | F44: 2 | G44: 0 | H44: 3 | I44: 5 | J44: 125 | L44: CVL 462 | M44: GIS in Smart Structures and Systems | AF44: X | AK44: X | AM44: =COUNTIF(N44:AL44,"*X*") -> 2
C45: MTH 216 | D45: Numerical Methods | E45: 2 | F45: 2 | G45: 0 | H45: 3 | I45: 5 | J45: 125 | L45: CVL 481 | M45: Advanced Surveying and GIS | AD45: X | AJ45: X | AK45: X | AM45: =COUNTIF(N45:AL45,"*X*") -> 3
D46: =COUNTA(D22:D45) -> 24 | E46: =SUM(E22:E45) -> 40 | F46: =SUM(F22:F45) -> 33 | G46: =SUM(G22:G45) -> 19 | H46: =SUM(H22:H45) -> 66 | I46: =SUM(I22:I45) -> 110 | J46: =SUM(J22:J45) -> 2750 | L46: IND 252 | M46: Operational Research I | U46: X | V46: X | AM46: =COUNTIF(N46:AL46,"*X*") -> 2
C47: CVL 313 | D47: Structure Analysis-3 | E47: 2 | F47: 2 | G47: 0 | H47: 3 | I47: 5 | J47: 125 | N47: =COUNTIF(N4:N46,"*X*") -> 0 | O47: =COUNTIF(O4:O46,"*X*") -> 0 | P47: =COUNTIF(P4:P46,"*X*") -> 0 | Q47: =COUNTIF(Q4:Q46,"*X*") -> 0 | R47: =COUNTIF(R4:R46,"*X*") -> 0 | S47: =COUNTIF(S4:S46,"*X*") -> 0 | T47: =COUNTIF(T4:T46,"*X*") -> 9 | U47: =COUNTIF(U4:U46,"*X*") -> 9 | ... AL47: =COUNTIF(AL4:AL46,"*X*") -> 3
C48: CVL 332 | D48: Quantity Surveying, Estimation and Specifications | E48: 2 | F48: 2 | G48: 0 | H48: 3 | I48: 5 | J48: 125
C49: CVL 361 | D49: Python for Structural Programming | E49: 2 | F49: 1 | G49: 1 | H49: 3 | I49: 5 | J49: 125
C50: CVL 412 | D50: Reinforced Concrete Design-3 | E50: 2 | F50: 2 | G50: 0 | H50: 3 | I50: 5 | J50: 125
C51: CVL 413 | D51: Repair and Strengthening of Buildings | E51: 2 | F51: 2 | G51: 0 | H51: 3 | I51: 5 | J51: 125
C52: CVL 421 | D52: Smart Buildings and Materials | E52: 2 | F52: 2 | G52: 0 | H52: 3 | I52: 5 | J52: 125
C53: CVL 461 | D53: Smart Cities and Intelligent Systems | E53: 2 | F53: 2 | G53: 0 | H53: 3 | I53: 5 | J53: 125
C54: MTH E | D54: Major Math Elective | E54: 2 | F54: 2 | G54: 0 | H54: 3 | I54: 5 | J54: 125
C55: CVL E1 | D55: Major Elective (1) | E55: 2 | F55: 1 | G55: 1 | H55: 3 | I55: 5 | J55: 125
C56: CVL E2 | D56: Major Elective (2) | E56: 2 | F56: 1 | G56: 1 | H56: 3 | I56: 5 | J56: 125
C57: CVL E3 | D57: Major Elective (3) | E57: 2 | F57: 1 | G57: 1 | H57: 3 | I57: 5 | J57: 125
C58: CVL E4 | D58: Major Elective (4) | E58: 2 | F58: 1 | G58: 1 | H58: 3 | I58: 5 | J58: 125
D59: =COUNTA(D47:D58) -> 12 | E59: =SUM(E47:E58) -> 24 | F59: =SUM(F47:F58) -> 19 | G59: =SUM(G47:G58) -> 5 | H59: =SUM(H47:H58) -> 36 | I59: =SUM(I47:I58) -> 60 | J59: =SUM(J47:J58) -> 1500
D60: =D10+D21+D46+D59 -> 52 | E60: =E10+E21+E46+E59 -> 94 | F60: =F10+F21+F46+F59 -> 70 | G60: =G10+G21+G46+G59 -> 31 | H60: =H10+H21+H46+H59 -> 144 | I60: =I10+I21+I46+I59 -> 240 | J60: =J10+J21+J46+J59 -> 6000 | L60: =SUM(E60:G60) -> 195

Sheet CCE Major-2 (8 S)
C2: Requirements | D2: Credits and SWL | G2: Contact Hours | K2: TOR CR | L2: TOR % | M2: Actual % | S2: Program "Civil & Construction Engineering - CCE" Major-2 "Smart Structural Engineering" SSE [8-Semesters Study Plan]
D3: CH | E3: ECTS | F3: SWL | G3: Lec | H3: Tut | I3: Lab | J3: TT
C4: University Requirements | D4: {=SUM(SUM(D14:D21*$L14:$L21),SUM(U14:U21*$AC14:$AC21), SUM(D26:D33*$L26:$L33), SUM(U26:U33*$AC26:$AC33), SUM(D38:D45*$L38:$L45), SUM(U38:U45*$AC38:$AC45),SUM(D50:D56*$L50:$L56), SUM(U50:U56*$AC50:$AC56))} -> 12 | E4: {=SUM(SUM(E14:E21*$L14:$L21),SUM(V14:V21*$AC14:$AC21), SUM(E26:E33*$L26:$L33), SUM(V26:V33*$AC26:$AC33), SUM(E38:E45*$L38:$L45), SUM(V38:V45*$AC38:$AC45),SUM(E50:E56*$L50:$L56), SUM(V50:V56*$AC50:$AC56))} -> 20 | F4: {=SUM(SUM(F14:F21*$L14:$L21),SUM(W14:W21*$AC14:$AC21), SUM(F26:F33*$L26:$L33), SUM(W26:W33*$AC26:$AC33), SUM(F38:F45*$L38:$L45), SUM(W38:W45*$AC38:$AC45),SUM(F50:F56*$L50:$L56), SUM(W50:W56*$AC50:$AC56))} -> 500 | G4: {=SUM(SUM(G14:G21*$L14:$L21),SUM(X14:X21*$AC14:$AC21), SUM(G26:G33*$L26:$L33), SUM(X26:X33*$AC26:$AC33), SUM(G38:G45*$L38:$L45), SUM(X38:X45*$AC38:$AC45),SUM(G50:G56*$L50:$L56), SUM(X50:X56*$AC50:$AC56))} -> 10 | H4: {=SUM(SUM(H14:H21*$L14:$L21),SUM(Y14:Y21*$AC14:$AC21), SUM(H26:H33*$L26:$L33), SUM(Y26:Y33*$AC26:$AC33), SUM(H38:H45*$L38:$L45), SUM(Y38:Y45*$AC38:$AC45),SUM(H50:H56*$L50:$L56), SUM(Y50:Y56*$AC50:$AC56))} -> 2 | I4: {=SUM(SUM(I14:I21*$L14:$L21),SUM(Z14:Z21*$AC14:$AC21), SUM(I26:I33*$L26:$L33), SUM(Z26:Z33*$AC26:$AC33), SUM(I38:I45*$L38:$L45), SUM(Z38:Z45*$AC38:$AC45),SUM(I50:I56*$L50:$L56), SUM(Z50:Z56*$AC50:$AC56))} -> 2 | J4: {=SUM(SUM(J14:J21*$L14:$L21),SUM(AA14:AA21*$AC14:$AC21), SUM(J26:J33*$L26:$L33), SUM(AA26:AA33*$AC26:$AC33), SUM(J38:J45*$L38:$L45), SUM(AA38:AA45*$AC38:$AC45),SUM(J50:J56*$L50:$L56), SUM(AA50:AA56*$AC50:$AC56))} -> 14 | K4: 12 (Min.) | L4: 0.08 | M4: =D4/$D$10 -> 0.083333333
C5: Faculty of Engineering Requirements | D5: {=SUM(SUM(D14:D21*$M14:$M21),SUM(U14:U21*$AD14:$AD21), SUM(D26:D33*$M26:$M33), SUM(U26:U33*$AD26:$AD33), SUM(D38:D45*$M38:$M45), SUM(U38:U45*$AD38:$AD45),SUM(D50:D56*$M50:$M56), SUM(U50:U56*$AD50:$AD56))} -> 30 | E5: {=SUM(SUM(E14:E21*$M14:$M21),SUM(V14:V21*$AD14:$AD21), SUM(E26:E33*$M26:$M33), SUM(V26:V33*$AD26:$AD33), SUM(E38:E45*$M38:$M45), SUM(V38:V45*$AD38:$AD45),SUM(E50:E56*$M50:$M56), SUM(V50:V56*$AD50:$AD56))} -> 50 | F5: {=SUM(SUM(F14:F21*$M14:$M21),SUM(W14:W21*$AD14:$AD21), SUM(F26:F33*$M26:$M33), SUM(W26:W33*$AD26:$AD33), SUM(F38:F45*$M38:$M45), SUM(W38:W45*$AD38:$AD45),SUM(F50:F56*$M50:$M56), SUM(W50:W56*$AD50:$AD56))} -> 1250 | G5: {=SUM(SUM(G14:G21*$M14:$M21),SUM(X14:X21*$AD14:$AD21), SUM(G26:G33*$M26:$M33), SUM(X26:X33*$AD26:$AD33), SUM(G38:G45*$M38:$M45), SUM(X38:X45*$AD38:$AD45),SUM(G50:G56*$M50:$M56), SUM(X50:X56*$AD50:$AD56))} -> 20 | H5: {=SUM(SUM(H14:H21*$M14:$M21),SUM(Y14:Y21*$AD14:$AD21), SUM(H26:H33*$M26:$M33), SUM(Y26:Y33*$AD26:$AD33), SUM(H38:H45*$M38:$M45), SUM(Y38:Y45*$AD38:$AD45),SUM(H50:H56*$M50:$M56), SUM(Y50:Y56*$AD50:$AD56))} -> 16 | I5: {=SUM(SUM(I14:I21*$M14:$M21),SUM(Z14:Z21*$AD14:$AD21), SUM(I26:I33*$M26:$M33), SUM(Z26:Z33*$AD26:$AD33), SUM(I38:I45*$M38:$M45), SUM(Z38:Z45*$AD38:$AD45),SUM(I50:I56*$M50:$M56), SUM(Z50:Z56*$AD50:$AD56))} -> 5 | J5: {=SUM(SUM(J14:J21*$M14:$M21),SUM(AA14:AA21*$AD14:$AD21), SUM(J26:J33*$M26:$M33), SUM(AA26:AA33*$AD26:$AD33), SUM(J38:J45*$M38:$M45), SUM(AA38:AA45*$AD38:$AD45),SUM(J50:J56*$M50:$M56), SUM(AA50:AA56*$AD50:$AD56))} -> 41 | K5: 29 (Min.) | L5: 0.2 | M5: =D5/$D$10 -> 0.20833333
C6: Basic Sciences Requirements | D6: {=SUM(SUM(D14:D21*$N14:$N21),SUM(U14:U21*$AE14:$AE21), SUM(D26:D33*$N26:$N33), SUM(U26:U33*$AE26:$AE33), SUM(D38:D45*$N38:$N45), SUM(U38:U45*$AE38:$AE45),SUM(D50:D56*$N50:$N56), SUM(U50:U56*$AE50:$AE56))} -> 27 | E6: {=SUM(SUM(E14:E21*$N14:$N21),SUM(V14:V21*$AE14:$AE21), SUM(E26:E33*$N26:$N33), SUM(V26:V33*$AE26:$AE33), SUM(E38:E45*$N38:$N45), SUM(V38:V45*$AE38:$AE45),SUM(E50:E56*$N50:$N56), SUM(V50:V56*$AE50:$AE56))} -> 45 | F6: {=SUM(SUM(F14:F21*$N14:$N21),SUM(W14:W21*$AE14:$AE21), SUM(F26:F33*$N26:$N33), SUM(W26:W33*$AE26:$AE33), SUM(F38:F45*$N38:$N45), SUM(W38:W45*$AE38:$AE45),SUM(F50:F56*$N50:$N56), SUM(W50:W56*$AE50:$AE56))} -> 1125 | G6: {=SUM(SUM(G14:G21*$N14:$N21),SUM(X14:X21*$AE14:$AE21), SUM(G26:G33*$N26:$N33), SUM(X26:X33*$AE26:$AE33), SUM(G38:G45*$N38:$N45), SUM(X38:X45*$AE38:$AE45),SUM(G50:G56*$N50:$N56), SUM(X50:X56*$AE50:$AE56))} -> 18 | H6: {=SUM(SUM(H14:H21*$N14:$N21),SUM(Y14:Y21*$AE14:$AE21), SUM(H26:H33*$N26:$N33), SUM(Y26:Y33*$AE26:$AE33), SUM(H38:H45*$N38:$N45), SUM(Y38:Y45*$AE38:$AE45),SUM(H50:H56*$N50:$N56), SUM(Y50:Y56*$AE50:$AE56))} -> 17 | I6: {=SUM(SUM(I14:I21*$N14:$N21),SUM(Z14:Z21*$AE14:$AE21), SUM(I26:I33*$N26:$N33), SUM(Z26:Z33*$AE26:$AE33), SUM(I38:I45*$N38:$N45), SUM(Z38:Z45*$AE38:$AE45),SUM(I50:I56*$N50:$N56), SUM(Z50:Z56*$AE50:$AE56))} -> 2 | J6: {=SUM(SUM(J14:J21*$N14:$N21),SUM(AA14:AA21*$AE14:$AE21), SUM(J26:J33*$N26:$N33), SUM(AA26:AA33*$AE26:$AE33), SUM(J38:J45*$N38:$N45), SUM(AA38:AA45*$AE38:$AE45),SUM(J50:J56*$N50:$N56), SUM(AA50:AA56*$AE50:$AE56))} -> 37 | K6: 24 (Min.) | L6: 0.17 | M6: =D6/$D$10 -> 0.1875
C7: Program Requirements | D7: {=SUM(SUM(D14:D21*$O14:$O21),SUM(U14:U21*$AF14:$AF21), SUM(D26:D33*$O26:$O33), SUM(U26:U33*$AF26:$AF33), SUM(D38:D45*$O38:$O45), SUM(U38:U45*$AF38:$AF45),SUM(D50:D56*$O50:$O56), SUM(U50:U56*$AF50:$AF56))} -> 66 | E7: {=SUM(SUM(E14:E21*$O14:$O21),SUM(V14:V21*$AF14:$AF21), SUM(E26:E33*$O26:$O33), SUM(V26:V33*$AF26:$AF33), SUM(E38:E45*$O38:$O45), SUM(V38:V45*$AF38:$AF45),SUM(E50:E56*$O50:$O56), SUM(V50:V56*$AF50:$AF56))} -> 110 | F7: {=SUM(SUM(F14:F21*$O14:$O21),SUM(W14:W21*$AF14:$AF21), SUM(F26:F33*$O26:$O33), SUM(W26:W33*$AF26:$AF33), SUM(F38:F45*$O38:$O45), SUM(W38:W45*$AF38:$AF45),SUM(F50:F56*$O50:$O56), SUM(W50:W56*$AF50:$AF56))} -> 2750 | G7: {=SUM(SUM(G14:G21*$O14:$O21),SUM(X14:X21*$AF14:$AF21), SUM(G26:G33*$O26:$O33), SUM(X26:X33*$AF26:$AF33), SUM(G38:G45*$O38:$O45), SUM(X38:X45*$AF38:$AF45),SUM(G50:G56*$O50:$O56), SUM(X50:X56*$AF50:$AF56))} -> 40 | H7: {=SUM(SUM(H14:H21*$O14:$O21),SUM(Y14:Y21*$AF14:$AF21), SUM(H26:H33*$O26:$O33), SUM(Y26:Y33*$AF26:$AF33), SUM(H38:H45*$O38:$O45), SUM(Y38:Y45*$AF38:$AF45),SUM(H50:H56*$O50:$O56), SUM(Y50:Y56*$AF50:$AF56))} -> 33 | I7: {=SUM(SUM(I14:I21*$O14:$O21),SUM(Z14:Z21*$AF14:$AF21), SUM(I26:I33*$O26:$O33), SUM(Z26:Z33*$AF26:$AF33), SUM(I38:I45*$O38:$O45), SUM(Z38:Z45*$AF38:$AF45),SUM(I50:I56*$O50:$O56), SUM(Z50:Z56*$AF50:$AF56))} -> 19 | J7: {=SUM(SUM(J14:J21*$O14:$O21),SUM(AA14:AA21*$AF14:$AF21), SUM(J26:J33*$O26:$O33), SUM(AA26:AA33*$AF26:$AF33), SUM(J38:J45*$O38:$O45), SUM(AA38:AA45*$AF38:$AF45),SUM(J50:J56*$O50:$O56), SUM(AA50:AA56*$AF50:$AF56))} -> 92 | K7: 50 (Min.) | L7: 0.35 | M7: =D7/$D$10 -> 0.45833333
C8: Major Requirements (Specialization) | D8: {=SUM(SUM(D14:D21*$P14:$P21),SUM(U14:U21*$AG14:$AG21), SUM(D26:D33*$P26:$P33), SUM(U26:U33*$AG26:$AG33), SUM(D38:D45*$P38:$P45), SUM(U38:U45*$AG38:$AG45),SUM(D50:D56*$P50:$P56), SUM(U50:U56*$AG50:$AG56))} -> 36 | E8: {=SUM(SUM(E14:E21*$P14:$P21),SUM(V14:V21*$AG14:$AG21), SUM(E26:E33*$P26:$P33), SUM(V26:V33*$AG26:$AG33), SUM(E38:E45*$P38:$P45), SUM(V38:V45*$AG38:$AG45),SUM(E50:E56*$P50:$P56), SUM(V50:V56*$AG50:$AG56))} -> 60 | F8: {=SUM(SUM(F14:F21*$P14:$P21),SUM(W14:W21*$AG14:$AG21), SUM(F26:F33*$P26:$P33), SUM(W26:W33*$AG26:$AG33), SUM(F38:F45*$P38:$P45), SUM(W38:W45*$AG38:$AG45),SUM(F50:F56*$P50:$P56), SUM(W50:W56*$AG50:$AG56))} -> 1500 | G8: {=SUM(SUM(G14:G21*$P14:$P21),SUM(X14:X21*$AG14:$AG21), SUM(G26:G33*$P26:$P33), SUM(X26:X33*$AG26:$AG33), SUM(G38:G45*$P38:$P45), SUM(X38:X45*$AG38:$AG45),SUM(G50:G56*$P50:$P56), SUM(X50:X56*$AG50:$AG56))} -> 24 | H8: {=SUM(SUM(H14:H21*$P14:$P21),SUM(Y14:Y21*$AG14:$AG21), SUM(H26:H33*$P26:$P33), SUM(Y26:Y33*$AG26:$AG33), SUM(H38:H45*$P38:$P45), SUM(Y38:Y45*$AG38:$AG45),SUM(H50:H56*$P50:$P56), SUM(Y50:Y56*$AG50:$AG56))} -> 19 | I8: {=SUM(SUM(I14:I21*$P14:$P21),SUM(Z14:Z21*$AG14:$AG21), SUM(I26:I33*$P26:$P33), SUM(Z26:Z33*$AG26:$AG33), SUM(I38:I45*$P38:$P45), SUM(Z38:Z45*$AG38:$AG45),SUM(I50:I56*$P50:$P56), SUM(Z50:Z56*$AG50:$AG56))} -> 5 | J8: {=SUM(SUM(J14:J21*$P14:$P21),SUM(AA14:AA21*$AG14:$AG21), SUM(J26:J33*$P26:$P33), SUM(AA26:AA33*$AG26:$AG33), SUM(J38:J45*$P38:$P45), SUM(AA38:AA45*$AG38:$AG45),SUM(J50:J56*$P50:$P56), SUM(AA50:AA56*$AG50:$AG56))} -> 48 | K8: 43 (Max.) | L8: 0.3 | M8: =D8/$D$10 -> 0.25 | O8: =M4+M5+M7+M8 -> 1
C9: Electives | D9: {=SUM(SUM(D14:D21*$Q14:$Q21),SUM(U14:U21*$AH14:$AH21), SUM(D26:D33*$Q26:$Q33), SUM(U26:U33*$AH26:$AH33), SUM(D38:D45*$Q38:$Q45), SUM(U38:U45*$AH38:$AH45),SUM(D50:D56*$Q50:$Q56), SUM(U50:U56*$AH50:$AH56))} -> 24 | E9: {=SUM(SUM(E14:E21*$Q14:$Q21),SUM(V14:V21*$AH14:$AH21), SUM(E26:E33*$Q26:$Q33), SUM(V26:V33*$AH26:$AH33), SUM(E38:E45*$Q38:$Q45), SUM(V38:V45*$AH38:$AH45),SUM(E50:E56*$Q50:$Q56), SUM(V50:V56*$AH50:$AH56))} -> 40 | F9: {=SUM(SUM(F14:F21*$Q14:$Q21),SUM(W14:W21*$AH14:$AH21), SUM(F26:F33*$Q26:$Q33), SUM(W26:W33*$AH26:$AH33), SUM(F38:F45*$Q38:$Q45), SUM(W38:W45*$AH38:$AH45),SUM(F50:F56*$Q50:$Q56), SUM(W50:W56*$AH50:$AH56))} -> 1000 | G9: {=SUM(SUM(G14:G21*$Q14:$Q21),SUM(X14:X21*$AH14:$AH21), SUM(G26:G33*$Q26:$Q33), SUM(X26:X33*$AH26:$AH33), SUM(G38:G45*$Q38:$Q45), SUM(X38:X45*$AH38:$AH45),SUM(G50:G56*$Q50:$Q56), SUM(X50:X56*$AH50:$AH56))} -> 17 | H9: {=SUM(SUM(H14:H21*$Q14:$Q21),SUM(Y14:Y21*$AH14:$AH21), SUM(H26:H33*$Q26:$Q33), SUM(Y26:Y33*$AH26:$AH33), SUM(H38:H45*$Q38:$Q45), SUM(Y38:Y45*$AH38:$AH45),SUM(H50:H56*$Q50:$Q56), SUM(Y50:Y56*$AH50:$AH56))} -> 10 | I9: {=SUM(SUM(I14:I21*$Q14:$Q21),SUM(Z14:Z21*$AH14:$AH21), SUM(I26:I33*$Q26:$Q33), SUM(Z26:Z33*$AH26:$AH33), SUM(I38:I45*$Q38:$Q45), SUM(Z38:Z45*$AH38:$AH45),SUM(I50:I56*$Q50:$Q56), SUM(Z50:Z56*$AH50:$AH56))} -> 4 | J9: {=SUM(SUM(J14:J21*$Q14:$Q21),SUM(AA14:AA21*$AH14:$AH21), SUM(J26:J33*$Q26:$Q33), SUM(AA26:AA33*$AH26:$AH33), SUM(J38:J45*$Q38:$Q45), SUM(AA38:AA45*$AH38:$AH45),SUM(J50:J56*$Q50:$Q56), SUM(AA50:AA56*$AH50:$AH56))} -> 31 | K9: 22 (Min.) | L9: 0.15 | M9: =D9/$D$10 -> 0.16666667
C10: Totals | D10: =D22+U22+D34+U34+D46+U46+D57+U57 -> 144 | E10: =E22+V22+E34+V34+E46+V46+E57+V57 -> 240 | F10: =F22+W22+F34+W34+F46+W46+F57+W57 -> 6000 | G10: =G22+X22+G34+X34+G46+X46+G57+X57 -> 94 | H10: =H22+Y22+H34+Y34+H46+Y46+H57+Y57 -> 70 | I10: =I22+Z22+I34+Z34+I46+Z46+I57+Z57 -> 31 | J10: =J22+AA22+J34+AA34+J46+AA46+J57+AA57 -> 195
A12: Fall Y1 | B12: Code | C12: Course Title | D12: Credits and SWL | G12: Contact Hours | K12: PreReq. | L12: Univ | M12: EAS | N12: Basic Sc. | O12: Prog | P12: Major | Q12: Elec | R12: Spring Y1 | S12: Code | T12: Course Title | U12: Credits and SWL | X12: Contact Hours | AB12: PreReq. | AC12: Univ | AD12: EAS | AE12: Basic Sc. | AF12: Prog | AG12: Major | AH12: Elec
D13: CH | E13: ECTS | F13: SWL | G13: Lec | H13: Tut | I13: Lab | J13: TT | U13: CH | V13: ECTS | W13: SWL | X13: Lec | Y13: Tut | Z13: Lab | AA13: TT
B14: ='List of Courses'!B4 -> EGL111 | C14: ='List of Courses'!C4 -> English I | D14: ='List of Courses'!D4 -> 0 | E14: ='List of Courses'!E4 -> 0 | F14: ='List of Courses'!F4 -> 0 | G14: ='List of Courses'!G4 -> 0 | H14: ='List of Courses'!H4 -> 0 | I14: ='List of Courses'!I4 -> 0 | ... Q14: ='List of Courses'!Q4 -> 0 | S14: ='List of Courses'!B5 -> EGL112 | T14: ='List of Courses'!C5 -> English II | U14: ='List of Courses'!D5 -> 0 | V14: ='List of Courses'!E5 -> 0 | W14: ='List of Courses'!F5 -> 0 | X14: ='List of Courses'!G5 -> 0 | Y14: ='List of Courses'!H5 -> 0 | Z14: ='List of Courses'!I5 -> 0 | ... AH14: ='List of Courses'!Q5 -> 0
B15: ='List of Courses'!B8 -> CSC111 | C15: ='List of Courses'!C8 -> Computer and Information Skills | D15: ='List of Courses'!D8 -> 3 | E15: ='List of Courses'!E8 -> 5 | F15: ='List of Courses'!F8 -> 125 | G15: ='List of Courses'!G8 -> 1 | H15: ='List of Courses'!H8 -> 2 | I15: ='List of Courses'!I8 -> 2 | ... Q15: ='List of Courses'!Q8 -> 0 | S15: ='List of Courses'!B9 -> HUM E1 | T15: ='List of Courses'!C9 -> Humanities and Social Sciences Electives | U15: ='List of Courses'!D9 -> 3 | V15: ='List of Courses'!E9 -> 5 | W15: ='List of Courses'!F9 -> 125 | X15: ='List of Courses'!G9 -> 3 | Y15: ='List of Courses'!H9 -> 0 | Z15: ='List of Courses'!I9 -> 0 | ... AH15: ='List of Courses'!Q9 -> 1
B16: ='List of Courses'!B10 -> MTH111 | C16: ='List of Courses'!C10 -> Analytical Geometry and Calculus I | D16: ='List of Courses'!D10 -> 3 | E16: ='List of Courses'!E10 -> 5 | F16: ='List of Courses'!F10 -> 125 | G16: ='List of Courses'!G10 -> 2 | H16: ='List of Courses'!H10 -> 2 | I16: ='List of Courses'!I10 -> 0 | ... Q16: ='List of Courses'!Q10 -> 0 | S16: ='List of Courses'!B11 -> MTH112 | T16: ='List of Courses'!C11 -> Calculus II | U16: ='List of Courses'!D11 -> 3 | V16: ='List of Courses'!E11 -> 5 | W16: ='List of Courses'!F11 -> 125 | X16: ='List of Courses'!G11 -> 2 | Y16: ='List of Courses'!H11 -> 2 | Z16: ='List of Courses'!I11 -> 0 | ... AH16: ='List of Courses'!Q11 -> 0
B17: ='List of Courses'!B20 -> PHY111 | C17: ='List of Courses'!C20 -> Physics I | D17: ='List of Courses'!D20 -> 3 | E17: ='List of Courses'!E20 -> 5 | F17: ='List of Courses'!F20 -> 125 | G17: ='List of Courses'!G20 -> 2 | H17: ='List of Courses'!H20 -> 2 | I17: ='List of Courses'!I20 -> 1 | ... Q17: ='List of Courses'!Q20 -> 0 | S17: ='List of Courses'!B12 -> MTH113 | T17: ='List of Courses'!C12 -> Probability and Statistics | U17: ='List of Courses'!D12 -> 3 | V17: ='List of Courses'!E12 -> 5 | W17: ='List of Courses'!F12 -> 125 | X17: ='List of Courses'!G12 -> 2 | Y17: ='List of Courses'!H12 -> 2 | Z17: ='List of Courses'!I12 -> 0 | ... AH17: ='List of Courses'!Q12 -> 0
B18: ='List of Courses'!B23 -> MEC111 | C18: ='List of Courses'!C23 -> Engineering Mechanics I - Statics | D18: ='List of Courses'!D23 -> 3 | E18: ='List of Courses'!E23 -> 5 | F18: ='List of Courses'!F23 -> 125 | G18: ='List of Courses'!G23 -> 2 | H18: ='List of Courses'!H23 -> 2 | I18: ='List of Courses'!I23 -> 0 | ... Q18: ='List of Courses'!Q23 -> 0 | S18: ='List of Courses'!B22 -> CHM111 | T18: ='List of Courses'!C22 -> Chemistry Principles | U18: ='List of Courses'!D22 -> 3 | V18: ='List of Courses'!E22 -> 5 | W18: ='List of Courses'!F22 -> 125 | X18: ='List of Courses'!G22 -> 2 | Y18: ='List of Courses'!H22 -> 1 | Z18: ='List of Courses'!I22 -> 1 | ... AH18: ='List of Courses'!Q22 -> 0
B19: ='List of Courses'!B25 -> INT121 | C19: ='List of Courses'!C25 -> Engineering Drawing | D19: ='List of Courses'!D25 -> 3 | E19: ='List of Courses'!E25 -> 5 | F19: ='List of Courses'!F25 -> 125 | G19: ='List of Courses'!G25 -> 2 | H19: ='List of Courses'!H25 -> 0 | I19: ='List of Courses'!I25 -> 2 | ... Q19: ='List of Courses'!Q25 -> 0 | S19: ='List of Courses'!B29 -> ECE151 | T19: ='List of Courses'!C29 -> Introduction to Programming | U19: ='List of Courses'!D29 -> 3 | V19: ='List of Courses'!E29 -> 5 | W19: ='List of Courses'!F29 -> 125 | X19: ='List of Courses'!G29 -> 2 | Y19: ='List of Courses'!H29 -> 0 | Z19: ='List of Courses'!I29 -> 2 | ... AH19: ='List of Courses'!Q29 -> 0
B20: ='List of Courses'!B26 -> INT E1 | C20: ='List of Courses'!C26 -> Engineering History Electives | D20: ='List of Courses'!D26 -> 3 | E20: ='List of Courses'!E26 -> 5 | F20: ='List of Courses'!F26 -> 125 | G20: ='List of Courses'!G26 -> 2 | H20: ='List of Courses'!H26 -> 2 | I20: ='List of Courses'!I26 -> 0 | ... Q20: ='List of Courses'!Q26 -> 1 | S20: ='List of Courses'!B30 -> CVL211 | T20: ='List of Courses'!C30 -> Structural Analysis-1 | U20: ='List of Courses'!D30 -> 3 | V20: ='List of Courses'!E30 -> 5 | W20: ='List of Courses'!F30 -> 125 | X20: ='List of Courses'!G30 -> 2 | Y20: ='List of Courses'!H30 -> 2 | Z20: ='List of Courses'!I30 -> 0 | ... AH20: ='List of Courses'!Q30 -> 0
D22: =SUM(D14:D21) -> 18 | E22: =SUM(E14:E21) -> 30 | F22: =SUM(F14:F21) -> 750 | G22: =SUM(G14:G21) -> 11 | H22: =SUM(H14:H21) -> 10 | I22: =SUM(I14:I21) -> 5 | J22: =SUM(J14:J21) -> 26 | U22: =SUM(U14:U21) -> 18 | V22: =SUM(V14:V21) -> 30 | W22: =SUM(W14:W21) -> 750 | X22: =SUM(X14:X21) -> 13 | Y22: =SUM(Y14:Y21) -> 7 | Z22: =SUM(Z14:Z21) -> 3 | AA22: =SUM(AA14:AA21) -> 23
A24: Fall Y2 | B24: Code | C24: Course Title | D24: Credits and SWL | G24: Contact Hours | K24: PreReq. | L24: Univ | M24: EAS | N24: Basic Sc. | O24: Prog | P24: Major | Q24: Elec | R24: Spring Y2 | S24: Code | T24: Course Title | U24: Credits and SWL | X24: Contact Hours | AB24: PreReq. | AC24: Univ | AD24: EAS | AE24: Basic Sc. | AF24: Prog | AG24: Major | AH24: Elec
D25: CH | E25: ECTS | F25: SWL | G25: Lec | H25: Tut | I25: Lab | J25: TT | U25: CH | V25: ECTS | W25: SWL | X25: Lec | Y25: Tut | Z25: Lab | AA25: TT
B26: ='List of Courses'!B6 -> EGL213 | C26: ='List of Courses'!C6 -> Writing Skills | D26: ='List of Courses'!D6 -> 3 | E26: ='List of Courses'!E6 -> 5 | F26: ='List of Courses'!F6 -> 125 | G26: ='List of Courses'!G6 -> 3 | H26: ='List of Courses'!H6 -> 0 | I26: ='List of Courses'!I6 -> 0 | ... Q26: ='List of Courses'!Q6 -> 0 | S26: ='List of Courses'!B7 -> EGL214 | T26: ='List of Courses'!C7 -> Communication and Presentation Skills | U26: ='List of Courses'!D7 -> 3 | V26: ='List of Courses'!E7 -> 5 | W26: ='List of Courses'!F7 -> 125 | X26: ='List of Courses'!G7 -> 3 | Y26: ='List of Courses'!H7 -> 0 | Z26: ='List of Courses'!I7 -> 0 | ... AH26: ='List of Courses'!Q7 -> 0
B27: ='List of Courses'!B13 -> MTH214 | C27: ='List of Courses'!C13 -> Linear Algebra & Introduction to Machine Learning | D27: ='List of Courses'!D13 -> 3 | E27: ='List of Courses'!E13 -> 5 | F27: ='List of Courses'!F13 -> 125 | G27: ='List of Courses'!G13 -> 2 | H27: ='List of Courses'!H13 -> 2 | I27: ='List of Courses'!I13 -> 0 | ... Q27: ='List of Courses'!Q13 -> 0 | S27: ='List of Courses'!B14 -> MTH215 | T27: ='List of Courses'!C14 -> Differential Equations | U27: ='List of Courses'!D14 -> 3 | V27: ='List of Courses'!E14 -> 5 | W27: ='List of Courses'!F14 -> 125 | X27: ='List of Courses'!G14 -> 2 | Y27: ='List of Courses'!H14 -> 2 | Z27: ='List of Courses'!I14 -> 0 | ... AH27: ='List of Courses'!Q14 -> 0
B28: ='List of Courses'!B34 -> CVL281 | C28: ='List of Courses'!C34 -> Introduction to Surveying | D28: ='List of Courses'!D34 -> 3 | E28: ='List of Courses'!E34 -> 5 | F28: ='List of Courses'!F34 -> 125 | G28: ='List of Courses'!G34 -> 1 | H28: ='List of Courses'!H34 -> 2 | I28: ='List of Courses'!I34 -> 2 | ... Q28: ='List of Courses'!Q34 -> 0 | S28: ='List of Courses'!B33 -> CVL231 | T28: ='List of Courses'!C33 -> Construction Project Management | U28: ='List of Courses'!D33 -> 3 | V28: ='List of Courses'!E33 -> 5 | W28: ='List of Courses'!F33 -> 125 | X28: ='List of Courses'!G33 -> 2 | Y28: ='List of Courses'!H33 -> 2 | Z28: ='List of Courses'!I33 -> 0 | ... AH28: ='List of Courses'!Q33 -> 0
B29: ='List of Courses'!B35 -> CVL282 | C29: ='List of Courses'!C35 -> Civil Engineering Drafting | D29: ='List of Courses'!D35 -> 3 | E29: ='List of Courses'!E35 -> 5 | F29: ='List of Courses'!F35 -> 125 | G29: ='List of Courses'!G35 -> 1 | H29: ='List of Courses'!H35 -> 2 | I29: ='List of Courses'!I35 -> 2 | ... Q29: ='List of Courses'!Q35 -> 0 | S29: ='List of Courses'!B36 -> CVL311 | T29: ='List of Courses'!C36 -> Reinforced Concrete Design-1 | U29: ='List of Courses'!D36 -> 3 | V29: ='List of Courses'!E36 -> 5 | W29: ='List of Courses'!F36 -> 125 | X29: ='List of Courses'!G36 -> 2 | Y29: ='List of Courses'!H36 -> 2 | Z29: ='List of Courses'!I36 -> 0 | ... AH29: ='List of Courses'!Q36 -> 0
B30: ='List of Courses'!B31 -> CVL212 | C30: ='List of Courses'!C31 -> Structural Analysis-2 | D30: ='List of Courses'!D31 -> 3 | E30: ='List of Courses'!E31 -> 5 | F30: ='List of Courses'!F31 -> 125 | G30: ='List of Courses'!G31 -> 2 | H30: ='List of Courses'!H31 -> 2 | I30: ='List of Courses'!I31 -> 0 | ... Q30: ='List of Courses'!Q31 -> 0 | S30: ='List of Courses'!B41 -> CVL321 | T30: ='List of Courses'!C41 -> Engineering Materials-2 | U30: ='List of Courses'!D41 -> 3 | V30: ='List of Courses'!E41 -> 5 | W30: ='List of Courses'!F41 -> 125 | X30: ='List of Courses'!G41 -> 2 | Y30: ='List of Courses'!H41 -> 1 | Z30: ='List of Courses'!I41 -> 1 | ... AH30: ='List of Courses'!Q41 -> 0
B31: ='List of Courses'!B32 -> CVL221 | C31: ='List of Courses'!C32 -> Engineering Materials-1 | D31: ='List of Courses'!D32 -> 3 | E31: ='List of Courses'!E32 -> 5 | F31: ='List of Courses'!F32 -> 125 | G31: ='List of Courses'!G32 -> 2 | H31: ='List of Courses'!H32 -> 1 | I31: ='List of Courses'!I32 -> 1 | ... Q31: ='List of Courses'!Q32 -> 0 | S31: ='List of Courses'!B42 -> CVL331 | T31: ='List of Courses'!C42 -> Construction Engineering & Methods | U31: ='List of Courses'!D42 -> 3 | V31: ='List of Courses'!E42 -> 5 | W31: ='List of Courses'!F42 -> 125 | X31: ='List of Courses'!G42 -> 2 | Y31: ='List of Courses'!H42 -> 2 | Z31: ='List of Courses'!I42 -> 0 | ... AH31: ='List of Courses'!Q42 -> 0
S32: ='List of Courses'!B49 -> CVL391 | T32: ='List of Courses'!C49 -> Practical Training-1 | U32: ='List of Courses'!D49 -> 0 | V32: ='List of Courses'!E49 -> 0 | W32: ='List of Courses'!F49 -> 0 | X32: ='List of Courses'!G49 -> 0 | Y32: ='List of Courses'!H49 -> 0 | Z32: ='List of Courses'!I49 -> 0 | ... AH32: ='List of Courses'!Q49 -> 0
D34: =SUM(D26:D33) -> 18 | E34: =SUM(E26:E33) -> 30 | F34: =SUM(F26:F33) -> 750 | G34: =SUM(G26:G33) -> 11 | H34: =SUM(H26:H33) -> 9 | I34: =SUM(I26:I33) -> 5 | J34: =SUM(J26:J33) -> 25 | U34: =SUM(U26:U33) -> 18 | V34: =SUM(V26:V33) -> 30 | W34: =SUM(W26:W33) -> 750 | X34: =SUM(X26:X33) -> 13 | Y34: =SUM(Y26:Y33) -> 9 | Z34: =SUM(Z26:Z33) -> 1 | AA34: =SUM(AA26:AA33) -> 23
A36: Fall Y3 | B36: Code | C36: Course Title | D36: Credits and SWL | G36: Contact Hours | K36: PreReq. | L36: Univ | M36: EAS | N36: Basic Sc. | O36: Prog | P36: Major | Q36: Elec | R36: Spring Y3 | S36: Code | T36: Course Title | U36: Credits and SWL | X36: Contact Hours | AB36: PreReq. | AC36: Univ | AD36: EAS | AE36: Basic Sc. | AF36: Prog | AG36: Major | AH36: Elec
D37: CH | E37: ECTS | F37: SWL | G37: Lec | H37: Tut | I37: Lab | J37: TT | U37: CH | V37: ECTS | W37: SWL | X37: Lec | Y37: Tut | Z37: Lab | AA37: TT
B38: ='List of Courses'!B37 -> CVL312 | C38: ='List of Courses'!C37 -> Soil Mechanics | D38: ='List of Courses'!D37 -> 3 | E38: ='List of Courses'!E37 -> 5 | F38: ='List of Courses'!F37 -> 125 | G38: ='List of Courses'!G37 -> 2 | H38: ='List of Courses'!H37 -> 1 | I38: ='List of Courses'!I37 -> 1 | ... Q38: ='List of Courses'!Q37 -> 0 | S38: ='List of Courses'!B40 -> CVL315 | T38: ='List of Courses'!C40 -> Structural Steel Design | U38: ='List of Courses'!D40 -> 3 | V38: ='List of Courses'!E40 -> 5 | W38: ='List of Courses'!F40 -> 125 | X38: ='List of Courses'!G40 -> 2 | Y38: ='List of Courses'!H40 -> 2 | Z38: ='List of Courses'!I40 -> 0 | ... AH38: ='List of Courses'!Q40 -> 0
B39: ='List of Courses'!B38 -> CVL313 | C39: ='List of Courses'!C38 -> Structure Analysis-3 | D39: ='List of Courses'!D38 -> 3 | E39: ='List of Courses'!E38 -> 5 | F39: ='List of Courses'!F38 -> 125 | G39: ='List of Courses'!G38 -> 2 | H39: ='List of Courses'!H38 -> 2 | I39: ='List of Courses'!I38 -> 0 | ... Q39: ='List of Courses'!Q38 -> 0 | S39: ='List of Courses'!B47 -> CVL361 | T39: ='List of Courses'!C47 -> Python for Structural Programming | U39: ='List of Courses'!D47 -> 3 | V39: ='List of Courses'!E47 -> 5 | W39: ='List of Courses'!F47 -> 125 | X39: ='List of Courses'!G47 -> 2 | Y39: ='List of Courses'!H47 -> 1 | Z39: ='List of Courses'!I47 -> 1 | ... AH39: ='List of Courses'!Q47 -> 0
B40: ='List of Courses'!B39 -> CVL314 | C40: ='List of Courses'!C39 -> Reinforced Concrete Design-2 | D40: ='List of Courses'!D39 -> 3 | E40: ='List of Courses'!E39 -> 5 | F40: ='List of Courses'!F39 -> 125 | G40: ='List of Courses'!G39 -> 2 | H40: ='List of Courses'!H39 -> 2 | I40: ='List of Courses'!I39 -> 0 | ... Q40: ='List of Courses'!Q39 -> 0 | S40: ='List of Courses'!B50 -> CVL392 | T40: ='List of Courses'!C50 -> Practical Training-2 | U40: ='List of Courses'!D50 -> 0 | V40: ='List of Courses'!E50 -> 0 | W40: ='List of Courses'!F50 -> 0 | X40: ='List of Courses'!G50 -> 0 | Y40: ='List of Courses'!H50 -> 0 | Z40: ='List of Courses'!I50 -> 0 | ... AH40: ='List of Courses'!Q50 -> 0
B41: ='List of Courses'!B43 -> CVL332 | C41: ='List of Courses'!C43 -> Quantity Surveying, Estimation and Specifications | D41: ='List of Courses'!D43 -> 3 | E41: ='List of Courses'!E43 -> 5 | F41: ='List of Courses'!F43 -> 125 | G41: ='List of Courses'!G43 -> 2 | H41: ='List of Courses'!H43 -> 2 | I41: ='List of Courses'!I43 -> 0 | ... Q41: ='List of Courses'!Q43 -> 0 | S41: ='List of Courses'!B51 -> CVL411 | T41: ='List of Courses'!C51 -> Design & Construction of Foundations | U41: ='List of Courses'!D51 -> 3 | V41: ='List of Courses'!E51 -> 5 | W41: ='List of Courses'!F51 -> 125 | X41: ='List of Courses'!G51 -> 2 | Y41: ='List of Courses'!H51 -> 2 | Z41: ='List of Courses'!I51 -> 0 | ... AH41: ='List of Courses'!Q51 -> 0
B42: ='List of Courses'!B46 -> CVL341 | C42: ='List of Courses'!C46 -> Fluid Mechanics | D42: ='List of Courses'!D46 -> 3 | E42: ='List of Courses'!E46 -> 5 | F42: ='List of Courses'!F46 -> 125 | G42: ='List of Courses'!G46 -> 2 | H42: ='List of Courses'!H46 -> 1 | I42: ='List of Courses'!I46 -> 1 | ... Q42: ='List of Courses'!Q46 -> 0 | S42: ='List of Courses'!B52 -> CVL412 | T42: ='List of Courses'!C52 -> Reinforced Concrete Design-3 | U42: ='List of Courses'!D52 -> 3 | V42: ='List of Courses'!E52 -> 5 | W42: ='List of Courses'!F52 -> 125 | X42: ='List of Courses'!G52 -> 2 | Y42: ='List of Courses'!H52 -> 2 | Z42: ='List of Courses'!I52 -> 0 | ... AH42: ='List of Courses'!Q52 -> 0
B43: ='List of Courses'!B65 -> CVL461 | C43: ='List of Courses'!C65 -> Smart Cities and Intelligent Systems | D43: ='List of Courses'!D65 -> 3 | E43: ='List of Courses'!E65 -> 5 | F43: ='List of Courses'!F65 -> 125 | G43: ='List of Courses'!G65 -> 2 | H43: ='List of Courses'!H65 -> 2 | I43: ='List of Courses'!I65 -> 0 | ... Q43: ='List of Courses'!Q65 -> 0 | S43: ='List of Courses'!B63 -> CVL441 | T43: ='List of Courses'!C63 -> Fundamentals of Hydraulic Engineering | U43: ='List of Courses'!D63 -> 3 | V43: ='List of Courses'!E63 -> 5 | W43: ='List of Courses'!F63 -> 125 | X43: ='List of Courses'!G63 -> 2 | Y43: ='List of Courses'!H63 -> 1 | Z43: ='List of Courses'!I63 -> 1 | ... AH43: ='List of Courses'!Q63 -> 0
S44: ='List of Courses'!B64 -> CVL451 | T44: ='List of Courses'!C64 -> Introduction to Transportation & Highway Engineering | U44: ='List of Courses'!D64 -> 3 | V44: ='List of Courses'!E64 -> 5 | W44: ='List of Courses'!F64 -> 125 | X44: ='List of Courses'!G64 -> 2 | Y44: ='List of Courses'!H64 -> 1 | Z44: ='List of Courses'!I64 -> 1 | ... AH44: ='List of Courses'!Q64 -> 0
D46: =SUM(D38:D45) -> 18 | E46: =SUM(E38:E45) -> 30 | F46: =SUM(F38:F45) -> 750 | G46: =SUM(G38:G45) -> 12 | H46: =SUM(H38:H45) -> 10 | I46: =SUM(I38:I45) -> 2 | J46: =SUM(J38:J45) -> 24 | U46: =SUM(U38:U45) -> 18 | V46: =SUM(V38:V45) -> 30 | W46: =SUM(W38:W45) -> 750 | X46: =SUM(X38:X45) -> 12 | Y46: =SUM(Y38:Y45) -> 9 | Z46: =SUM(Z38:Z45) -> 3 | AA46: =SUM(AA38:AA45) -> 24
A48: Fall Y4 | B48: Code | C48: Course Title | D48: Credits and SWL | G48: Contact Hours | K48: PreReq. | L48: Univ | M48: EAS | N48: Basic Sc. | O48: Prog | P48: Major | Q48: Elec | R48: Spring Y4 | S48: Code | T48: Course Title | U48: Credits and SWL | X48: Contact Hours | AB48: PreReq. | AC48: Univ | AD48: EAS | AE48: Basic Sc. | AF48: Prog | AG48: Major | AH48: Elec
D49: CH | E49: ECTS | F49: SWL | G49: Lec | H49: Tut | I49: Lab | J49: TT | U49: CH | V49: ECTS | W49: SWL | X49: Lec | Y49: Tut | Z49: Lab | AA49: TT
B50: ='List of Courses'!B15 -> MTH216 | C50: ='List of Courses'!C15 -> Numerical Methods | D50: ='List of Courses'!D15 -> 3 | E50: ='List of Courses'!E15 -> 5 | F50: ='List of Courses'!F15 -> 125 | G50: ='List of Courses'!G15 -> 2 | H50: ='List of Courses'!H15 -> 2 | I50: ='List of Courses'!I15 -> 0 | ... Q50: ='List of Courses'!Q15 -> 0 | S50: ='List of Courses'!B73 -> CVL E2 | T50: ='List of Courses'!C73 -> Major Elective (2) | U50: ='List of Courses'!D73 -> 3 | V50: ='List of Courses'!E73 -> 5 | W50: ='List of Courses'!F73 -> 125 | X50: ='List of Courses'!G73 -> 2 | Y50: ='List of Courses'!H73 -> 1 | Z50: ='List of Courses'!I73 -> 1 | ... AH50: ='List of Courses'!Q73 -> 1
B51: ='List of Courses'!B53 -> CVL413 | C51: ='List of Courses'!C53 -> Repair and Strengthening of Buildings | D51: ='List of Courses'!D53 -> 3 | E51: ='List of Courses'!E53 -> 5 | F51: ='List of Courses'!F53 -> 125 | G51: ='List of Courses'!G53 -> 2 | H51: ='List of Courses'!H53 -> 2 | I51: ='List of Courses'!I53 -> 0 | ... Q51: ='List of Courses'!Q53 -> 0 | S51: ='List of Courses'!B74 -> CVL E3 | T51: ='List of Courses'!C74 -> Major Elective (3) | U51: ='List of Courses'!D74 -> 3 | V51: ='List of Courses'!E74 -> 5 | W51: ='List of Courses'!F74 -> 125 | X51: ='List of Courses'!G74 -> 2 | Y51: ='List of Courses'!H74 -> 1 | Z51: ='List of Courses'!I74 -> 1 | ... AH51: ='List of Courses'!Q74 -> 1
B52: ='List of Courses'!B54 -> CVL421 | C52: ='List of Courses'!C54 -> Smart Buildings and Materials | D52: ='List of Courses'!D54 -> 3 | E52: ='List of Courses'!E54 -> 5 | F52: ='List of Courses'!F54 -> 125 | G52: ='List of Courses'!G54 -> 2 | H52: ='List of Courses'!H54 -> 2 | I52: ='List of Courses'!I54 -> 0 | ... Q52: ='List of Courses'!Q54 -> 0 | S52: ='List of Courses'!B75 -> CVL E4 | T52: ='List of Courses'!C75 -> Major Elective (4) | U52: ='List of Courses'!D75 -> 3 | V52: ='List of Courses'!E75 -> 5 | W52: ='List of Courses'!F75 -> 125 | X52: ='List of Courses'!G75 -> 2 | Y52: ='List of Courses'!H75 -> 1 | Z52: ='List of Courses'!I75 -> 1 | ... AH52: ='List of Courses'!Q75 -> 1
B53: ='List of Courses'!B71 -> MTH E | C53: ='List of Courses'!C71 -> Major Math Elective | D53: ='List of Courses'!D71 -> 3 | E53: ='List of Courses'!E71 -> 5 | F53: ='List of Courses'!F71 -> 125 | G53: ='List of Courses'!G71 -> 2 | H53: ='List of Courses'!H71 -> 2 | I53: ='List of Courses'!I71 -> 0 | ... Q53: ='List of Courses'!Q71 -> 1 | S53: ='List of Courses'!B27 -> INT E2 | T53: ='List of Courses'!C27 -> Sustainable Development Electives | U53: ='List of Courses'!D27 -> 3 | V53: ='List of Courses'!E27 -> 5 | W53: ='List of Courses'!F27 -> 125 | X53: ='List of Courses'!G27 -> 2 | Y53: ='List of Courses'!H27 -> 2 | Z53: ='List of Courses'!I27 -> 0 | ... AG53: ='List of Courses'!P27 -> 0 | AH53: ='List of Courses'!Q71 -> 1
B54: ='List of Courses'!B72 -> CVL E1 | C54: ='List of Courses'!C72 -> Major Elective (1) | D54: ='List of Courses'!D72 -> 3 | E54: ='List of Courses'!E72 -> 5 | F54: ='List of Courses'!F72 -> 125 | G54: ='List of Courses'!G72 -> 2 | H54: ='List of Courses'!H72 -> 1 | I54: ='List of Courses'!I72 -> 1 | ... Q54: ='List of Courses'!Q72 -> 1 | S54: ='List of Courses'!B28 -> EBS111 | T54: ='List of Courses'!C28 -> Selected Topics in Entrepreneurship | U54: ='List of Courses'!D28 -> 3 | V54: ='List of Courses'!E28 -> 5 | W54: ='List of Courses'!F28 -> 125 | X54: ='List of Courses'!G28 -> 2 | Y54: ='List of Courses'!H28 -> 2 | Z54: ='List of Courses'!I28 -> 0 | ... AH54: ='List of Courses'!Q28 -> 0
B55: ='List of Courses'!B68 -> CVL493 | C55: ='List of Courses'!C68 -> Graduation Project I | D55: ='List of Courses'!D68 -> 3 | E55: ='List of Courses'!E68 -> 5 | F55: ='List of Courses'!F68 -> 125 | G55: ='List of Courses'!G68 -> 1 | H55: ='List of Courses'!H68 -> 0 | I55: ='List of Courses'!I68 -> 4 | ... Q55: ='List of Courses'!Q68 -> 0 | S55: ='List of Courses'!B69 -> CVL494 | T55: ='List of Courses'!C69 -> Graduation Project II | U55: ='List of Courses'!D69 -> 3 | V55: ='List of Courses'!E69 -> 5 | W55: ='List of Courses'!F69 -> 125 | X55: ='List of Courses'!G69 -> 1 | Y55: ='List of Courses'!H69 -> 0 | Z55: ='List of Courses'!I69 -> 4 | ... AH55: ='List of Courses'!Q69 -> 0
D57: =SUM(D50:D56) -> 18 | E57: =SUM(E50:E56) -> 30 | F57: =SUM(F50:F56) -> 750 | G57: =SUM(G50:G56) -> 11 | H57: =SUM(H50:H56) -> 9 | I57: =SUM(I50:I56) -> 5 | J57: =SUM(J50:J56) -> 25 | U57: =SUM(U50:U56) -> 18 | V57: =SUM(V50:V56) -> 30 | W57: =SUM(W50:W56) -> 750 | X57: =SUM(X50:X56) -> 11 | Y57: =SUM(Y50:Y56) -> 7 | Z57: =SUM(Z50:Z56) -> 7 | AA57: =SUM(AA50:AA56) -> 25
R59: List of SSE Major Electives | S59: Code | T59: Course Title | U59: Credits and SWL | X59: Contact Hours | AB59: PreReq. | AC59: Univ | AD59: EAS | AE59: Basic Sc. | AF59: Prog | AG59: Major
U60: CH | V60: ECTS | W60: SWL | X60: Lec | Y60: Tut | Z60: Lab | AA60: TT
S61: ='List of Courses'!B48 -> CVL381 | T61: ='List of Courses'!C48 -> Computer Applications in Civil Engineering | U61: ='List of Courses'!D48 -> 3 | V61: ='List of Courses'!E48 -> 5 | W61: ='List of Courses'!F48 -> 125 | X61: ='List of Courses'!G48 -> 2 | Y61: ='List of Courses'!H48 -> 0 | Z61: ='List of Courses'!I48 -> 2 | ... AG61: ='List of Courses'!P48 -> 1
S62: ='List of Courses'!B44 -> CVL333 | T62: ='List of Courses'!C44 -> Civil Engineering Economics | U62: ='List of Courses'!D44 -> 3 | V62: ='List of Courses'!E44 -> 5 | W62: ='List of Courses'!F44 -> 125 | X62: ='List of Courses'!G44 -> 2 | Y62: ='List of Courses'!H44 -> 2 | Z62: ='List of Courses'!I44 -> 0 | ... AG62: ='List of Courses'!P44 -> 1
S63: ='List of Courses'!B45 -> CVL334 | T63: ='List of Courses'!C45 -> Construction Planning & Scheduling | U63: ='List of Courses'!D45 -> 3 | V63: ='List of Courses'!E45 -> 5 | W63: ='List of Courses'!F45 -> 125 | X63: ='List of Courses'!G45 -> 2 | Y63: ='List of Courses'!H45 -> 1 | Z63: ='List of Courses'!I45 -> 1 | ... AG63: ='List of Courses'!P45 -> 1
S64: ='List of Courses'!B67 -> CVL481 | T64: ='List of Courses'!C67 -> Advanced Surveying and GIS | U64: ='List of Courses'!D67 -> 3 | V64: ='List of Courses'!E67 -> 5 | W64: ='List of Courses'!F67 -> 125 | X64: ='List of Courses'!G67 -> 1 | Y64: ='List of Courses'!H67 -> 2 | Z64: ='List of Courses'!I67 -> 2 | ... AG64: ='List of Courses'!P67 -> 1
S65: ='List of Courses'!B55 -> CVL422 | T65: ='List of Courses'!C55 -> Quality Control of Smart Materials | U65: ='List of Courses'!D55 -> 3 | V65: ='List of Courses'!E55 -> 5 | W65: ='List of Courses'!F55 -> 125 | X65: ='List of Courses'!G55 -> 2 | Y65: ='List of Courses'!H55 -> 2 | Z65: ='List of Courses'!I55 -> 0 | ... AG65: ='List of Courses'!P55 -> 1
S66: ='List of Courses'!B60 -> CVL435 | T66: ='List of Courses'!C60 -> Real Estate & Urban Planning Development | U66: ='List of Courses'!D60 -> 3 | V66: ='List of Courses'!E60 -> 5 | W66: ='List of Courses'!F60 -> 125 | X66: ='List of Courses'!G60 -> 2 | Y66: ='List of Courses'!H60 -> 2 | Z66: ='List of Courses'!I60 -> 0 | ... AG66: ='List of Courses'!P60 -> 1
S67: ='List of Courses'!B62 -> CVL437 | T67: ='List of Courses'!C62 -> Building Information Modeling | U67: ='List of Courses'!D62 -> 3 | V67: ='List of Courses'!E62 -> 5 | W67: ='List of Courses'!F62 -> 125 | X67: ='List of Courses'!G62 -> 1 | Y67: ='List of Courses'!H62 -> 2 | Z67: ='List of Courses'!I62 -> 2 | ... AG67: ='List of Courses'!P62 -> 1
S68: ='List of Courses'!B66 -> CVL462 | T68: ='List of Courses'!C66 -> GIS in Smart Structures and Systems | U68: ='List of Courses'!D66 -> 3 | V68: ='List of Courses'!E66 -> 5 | W68: ='List of Courses'!F66 -> 125 | X68: ='List of Courses'!G66 -> 2 | Y68: ='List of Courses'!H66 -> 2 | Z68: ='List of Courses'!I66 -> 0 | ... AG68: ='List of Courses'!P66 -> 1
S69: ='List of Courses'!B70 -> IND252 | T69: ='List of Courses'!C70 -> Operation Research I | U69: ='List of Courses'!D70 -> 3 | V69: ='List of Courses'!E70 -> 5 | W69: ='List of Courses'!F70 -> 125 | X69: ='List of Courses'!G70 -> 2 | Y69: ='List of Courses'!H70 -> 2 | Z69: ='List of Courses'!I70 -> 0 | ... AG69: ='List of Courses'!P70 -> 1
R72: List of Math Electives | S72: Code | T72: Course Title | U72: Credits and SWL | X72: Contact Hours | AB72: PreReq. | AC72: Univ | AD72: EAS | AE72: Basic Sc. | AF72: Prog | AG72: Major
U73: CH | V73: ECTS | W73: SWL | X73: Lec | Y73: Tut | Z73: Lab | AA73: TT
